Gen,Fitness,Model
1,9557.7476,1
2,9640.359199999999,1
3,10051.772,1
4,10577.026000000002,1
5,11547.378400000003,1
6,13717.577000000005,1
7,15544.527200000004,1
8,17559.7242,1
9,19485.1584,1
10,21647.5084,1
11,23532.0976,1
12,25704.492999999995,1
13,27810.38399999999,1
14,30691.2788,1
15,33408.0902,1
16,35503.11239999999,1
17,37735.61959999999,1
18,40255.4244,1
19,43264.1874,1
20,45637.006399999984,1
21,48282.66059999999,1
22,50953.1232,1
23,53498.89,1
24,56753.486000000004,1
25,58759.324,1
26,61961.409600000006,1
27,64669.93499999999,1
28,68104.20939999999,1
29,71454.1186,1
30,73669.46620000001,1
31,75792.728,1
32,78460.5312,1
33,80629.91879999998,1
34,83375.54920000001,1
35,85509.396,1
36,87982.87380000004,1
37,89648.42259999999,1
38,91210.21159999998,1
39,92835.16899999998,1
40,93884.87799999998,1
41,95239.83739999999,1
42,96219.58300000001,1
43,97197.85119999999,1
44,97624.12379999999,1
45,98372.41520000002,1
46,99026.41760000002,1
47,99919.3436,1
48,100373.82119999999,1
49,100997.3862,1
50,101425.52299999999,1
51,102008.49319999998,1
52,102439.37199999999,1
53,102557.16579999999,1
54,102670.32619999997,1
55,103060.13739999995,1
56,103242.78679999994,1
57,103429.67119999994,1
58,103612.61859999996,1
59,103801.07699999996,1
60,103967.45459999997,1
61,104013.63239999996,1
62,104227.76039999997,1
63,104305.57519999998,1
64,104319.98119999998,1
65,104359.5072,1
66,104421.15260000002,1
67,104445.00059999998,1
68,104514.96020000002,1
69,104532.22320000002,1
70,104580.1992,1
71,104599.58640000003,1
72,104607.45500000002,1
73,104641.19520000002,1
74,104676.6028,1
75,104794.12799999998,1
76,104794.9702,1
77,104800.3204,1
78,104813.96560000001,1
79,104958.50779999999,1
80,104968.0734,1
81,104985.47879999998,1
82,104988.5714,1
83,104993.37539999999,1
84,105015.164,1
85,105027.9326,1
86,105079.22459999999,1
87,105104.34240000001,1
88,105108.85440000001,1
89,105119.345,1
90,105127.7358,1
91,105142.76799999997,1
92,105143.42719999998,1
93,105156.45339999998,1
94,105162.5322,1
95,105170.97479999998,1
96,105185.8418,1
97,105187.2298,1
98,105203.6344,1
99,105207.8996,1
100,105209.555,1
101,105210.9706,1
102,105212.27900000001,1
103,105219.2426,1
104,105230.442,1
105,105246.5324,1
106,105249.1802,1
107,105260.62379999999,1
108,105262.55739999999,1
109,105265.23559999997,1
110,105279.05079999997,1
111,105280.03919999996,1
112,105283.15739999998,1
113,105283.72399999999,1
114,105286.37339999997,1
115,105295.90799999997,1
116,105302.46339999998,1
117,105303.86739999996,1
118,105311.16939999997,1
119,105312.39239999997,1
120,105313.54899999997,1
121,105329.56859999997,1
122,105349.12179999998,1
123,105366.21299999999,1
124,105369.22939999998,1
125,105373.99239999999,1
126,105379.41679999998,1
127,105391.84619999997,1
128,105395.00519999997,1
129,105403.11959999998,1
130,105408.38819999997,1
131,105420.42779999998,1
132,105420.69299999997,1
133,105423.23319999996,1
134,105430.14199999998,1
135,105430.79019999997,1
136,105430.81759999998,1
137,105434.70479999999,1
138,105444.8336,1
139,105445.38000000002,1
140,105445.76240000002,1
141,105446.03880000001,1
142,105447.59100000001,1
143,105448.17480000001,1
144,105448.89340000002,1
145,105457.10160000002,1
146,105460.87860000003,1
147,105461.81540000002,1
148,105476.27580000002,1
149,105476.27580000002,1
150,105476.27580000002,1
151,105506.58020000001,1
152,105506.70020000002,1
153,105506.944,1
154,105506.944,1
155,105506.99960000001,1
156,105508.522,1
157,105508.73019999999,1
158,105512.42439999999,1
159,105512.42439999999,1
160,105512.42439999999,1
161,105513.43539999999,1
162,105522.73,1
163,105522.73,1
164,105524.58799999999,1
165,105526.1402,1
166,105529.11439999999,1
167,105530.2552,1
168,105530.2552,1
169,105531.94300000001,1
170,105544.83359999997,1
171,105544.83359999997,1
172,105545.21459999999,1
173,105545.87799999998,1
174,105557.1268,1
175,105557.1268,1
176,105557.3216,1
177,105557.3216,1
178,105557.80679999999,1
179,105568.041,1
180,105569.0242,1
181,105569.304,1
182,105569.71080000002,1
183,105570.69600000001,1
184,105574.8122,1
185,105575.04660000002,1
186,105575.04660000002,1
187,105590.43760000002,1
188,105590.43760000002,1
189,105590.92100000002,1
190,105590.92100000002,1
191,105591.52740000002,1
192,105591.84020000004,1
193,105592.52560000002,1
194,105592.52560000002,1
195,105592.62100000001,1
196,105593.98120000002,1
197,105593.98120000002,1
198,105594.16840000002,1
199,105596.3172,1
200,105599.829,1
201,105600.4798,1
202,105600.5366,1
203,105600.5366,1
204,105601.73780000002,1
205,105601.73780000002,1
206,105603.10720000001,1
207,105604.3058,1
208,105604.3058,1
209,105605.034,1
210,105605.034,1
211,105609.6566,1
212,105610.4332,1
213,105610.4332,1
214,105610.4838,1
215,105610.4838,1
216,105610.4838,1
217,105611.79300000002,1
218,105613.04800000001,1
219,105615.11,1
220,105615.71720000001,1
221,105615.71720000001,1
222,105615.7908,1
223,105615.7908,1
224,105615.7908,1
225,105615.7908,1
226,105615.7908,1
227,105621.07940000003,1
228,105621.08720000002,1
229,105621.62560000003,1
230,105621.62560000003,1
231,105621.62560000003,1
232,105621.75740000002,1
233,105621.94040000002,1
234,105622.95420000002,1
235,105622.95420000002,1
236,105632.23260000003,1
237,105632.23260000003,1
238,105632.59620000003,1
239,105632.59620000003,1
240,105632.59620000003,1
241,105634.49100000004,1
242,105635.04580000004,1
243,105637.86820000004,1
244,105638.07440000003,1
245,105638.13680000004,1
246,105638.13680000004,1
247,105638.13680000004,1
248,105649.18240000003,1
249,105650.51800000004,1
250,105650.51800000004,1
251,105650.51800000004,1
252,105650.51800000004,1
253,105650.65240000004,1
254,105650.81220000003,1
255,105650.96160000002,1
256,105650.96160000002,1
257,105651.58280000002,1
258,105651.58280000002,1
259,105653.5206,1
260,105655.33520000002,1
261,105655.33520000002,1
262,105655.87720000003,1
263,105655.87720000003,1
264,105655.90280000003,1
265,105656.79380000003,1
266,105656.79380000003,1
267,105656.79380000003,1
268,105657.63260000001,1
269,105658.142,1
270,105658.71400000002,1
271,105658.88880000002,1
272,105658.88880000002,1
273,105659.73840000002,1
274,105663.20820000001,1
275,105665.07000000002,1
276,105665.07000000002,1
277,105665.07000000002,1
278,105665.07000000002,1
279,105665.1628,1
280,105665.19880000001,1
281,105666.75099999999,1
282,105666.75099999999,1
283,105666.75099999999,1
284,105671.89259999999,1
285,105673.3844,1
286,105674.35740000001,1
287,105674.35740000001,1
288,105674.35740000001,1
289,105674.40580000001,1
290,105674.40580000001,1
291,105674.88519999999,1
292,105674.88519999999,1
293,105674.88519999999,1
294,105677.9104,1
295,105678.9292,1
296,105680.1132,1
297,105680.36260000002,1
298,105683.13660000003,1
299,105684.13660000003,1
300,105685.27060000002,1
301,105686.29980000002,1
302,105686.47320000002,1
303,105686.47320000002,1
304,105686.47320000002,1
305,105686.47320000002,1
306,105686.728,1
307,105687.7224,1
308,105687.7224,1
309,105687.7224,1
310,105688.8752,1
311,105690.51779999999,1
312,105690.51779999999,1
313,105691.9104,1
314,105691.9104,1
315,105691.9104,1
316,105691.9104,1
317,105691.9104,1
318,105691.9104,1
319,105691.9104,1
320,105691.9104,1
321,105692.185,1
322,105692.86959999999,1
323,105692.86959999999,1
324,105694.63699999999,1
325,105696.7484,1
326,105696.7484,1
327,105696.7484,1
328,105697.3826,1
329,105698.47579999999,1
330,105703.03579999998,1
331,105709.36119999997,1
332,105711.30619999998,1
333,105711.30619999998,1
334,105711.39299999998,1
335,105711.39299999998,1
336,105711.84199999998,1
337,105712.04839999999,1
338,105712.04839999999,1
339,105712.07999999999,1
340,105712.5152,1
341,105712.5152,1
342,105712.76479999999,1
343,105713.27819999999,1
344,105713.35039999997,1
345,105713.35039999997,1
346,105713.89739999996,1
347,105713.89739999996,1
348,105714.14399999997,1
349,105714.14399999997,1
350,105714.42219999997,1
351,105716.38779999997,1
352,105718.35339999998,1
353,105718.35339999998,1
354,105718.35339999998,1
355,105718.35339999998,1
356,105719.27879999997,1
357,105719.27879999997,1
358,105719.34999999998,1
359,105719.41619999998,1
360,105723.01939999998,1
361,105723.02919999998,1
362,105723.02919999998,1
363,105723.1028,1
364,105723.1028,1
365,105723.1028,1
366,105723.1028,1
367,105723.89999999998,1
368,105725.16479999998,1
369,105725.2874,1
370,105725.2874,1
371,105725.784,1
372,105725.784,1
373,105725.784,1
374,105726.92799999999,1
375,105726.92799999999,1
376,105726.92799999999,1
377,105726.92799999999,1
378,105726.94139999998,1
379,105726.94139999998,1
380,105726.94139999998,1
381,105727.84300000001,1
382,105728.071,1
383,105728.071,1
384,105728.42360000001,1
385,105728.6098,1
386,105728.6098,1
387,105729.17100000002,1
388,105729.17100000002,1
389,105729.17100000002,1
390,105729.17100000002,1
391,105729.17100000002,1
392,105729.243,1
393,105729.33520000002,1
394,105729.33520000002,1
395,105729.33520000002,1
396,105729.33520000002,1
397,105729.445,1
398,105729.5318,1
399,105729.71760000002,1
400,105729.71760000002,1
401,105729.775,1
402,105729.89,1
403,105730.01380000002,1
404,105730.01380000002,1
405,105730.04360000002,1
406,105730.06860000001,1
407,105730.51380000002,1
408,105730.5264,1
409,105732.67920000001,1
410,105733.13000000002,1
411,105733.13000000002,1
412,105734.56160000002,1
413,105735.48620000001,1
414,105735.48620000001,1
415,105735.48620000001,1
416,105735.66,1
417,105735.66,1
418,105735.66,1
419,105735.9542,1
420,105736.15,1
421,105740.18100000001,1
422,105740.18100000001,1
423,105740.4008,1
424,105740.4008,1
425,105740.4008,1
426,105741.01039999998,1
427,105741.01039999998,1
428,105741.01039999998,1
429,105741.201,1
430,105742.10159999998,1
431,105743.00959999998,1
432,105747.52879999997,1
433,105747.52879999997,1
434,105747.52879999997,1
435,105748.62699999998,1
436,105748.62699999998,1
437,105748.62699999998,1
438,105749.03339999999,1
439,105749.03339999999,1
440,105749.0744,1
441,105749.0744,1
442,105749.0744,1
443,105749.0896,1
444,105749.0896,1
445,105749.263,1
446,105749.263,1
447,105749.263,1
448,105749.2704,1
449,105749.31499999999,1
450,105749.39819999998,1
451,105749.5596,1
452,105749.5596,1
453,105749.61559999999,1
454,105751.7482,1
455,105751.7482,1
456,105755.619,1
457,105756.094,1
458,105756.09820000001,1
459,105756.09820000001,1
460,105756.09820000001,1
461,105757.1454,1
462,105757.88160000002,1
463,105757.88160000002,1
464,105758.01940000002,1
465,105758.01940000002,1
466,105758.01940000002,1
467,105758.01940000002,1
468,105758.01940000002,1
469,105758.01940000002,1
470,105758.01940000002,1
471,105758.01940000002,1
472,105758.01940000002,1
473,105758.01940000002,1
474,105758.19420000001,1
475,105759.45160000001,1
476,105759.45160000001,1
477,105759.55680000002,1
478,105759.74600000001,1
479,105759.978,1
480,105759.978,1
481,105759.978,1
482,105759.978,1
483,105760.138,1
484,105760.42700000003,1
485,105760.49260000001,1
486,105760.60460000002,1
487,105760.96100000004,1
488,105761.33280000003,1
489,105761.33280000003,1
490,105761.33280000003,1
491,105761.33280000003,1
492,105761.33280000003,1
493,105761.33280000003,1
494,105761.33280000003,1
495,105761.54020000003,1
496,105761.54020000003,1
497,105761.76260000003,1
498,105761.76260000003,1
499,105761.89300000004,1
500,105761.89300000004,1
501,105761.89300000004,1
502,105762.09120000002,1
503,105762.09120000002,1
504,105762.15420000002,1
505,105762.15420000002,1
506,105764.33440000004,1
507,105764.42600000004,1
508,105764.54440000003,1
509,105764.56820000004,1
510,105764.56820000004,1
511,105765.30080000004,1
512,105765.30080000004,1
513,105765.30080000004,1
514,105767.80500000004,1
515,105767.99100000004,1
516,105768.03320000002,1
517,105768.42060000003,1
518,105768.42060000003,1
519,105768.42060000003,1
520,105768.42060000003,1
521,105768.64020000004,1
522,105770.19200000002,1
523,105770.19200000002,1
524,105770.19200000002,1
525,105770.19820000004,1
526,105771.67340000003,1
527,105772.14120000001,1
528,105772.14120000001,1
529,105772.7298,1
530,105772.7298,1
531,105772.7298,1
532,105772.8008,1
533,105772.8008,1
534,105772.8138,1
535,105772.8138,1
536,105772.96420000002,1
537,105772.96420000002,1
538,105772.96420000002,1
539,105772.96760000002,1
540,105772.96760000002,1
541,105772.9912,1
542,105772.9912,1
543,105772.9912,1
544,105772.9912,1
545,105772.9912,1
546,105772.9912,1
547,105775.27279999999,1
548,105775.989,1
549,105775.989,1
550,105776.1696,1
551,105776.1696,1
552,105776.1696,1
553,105776.1696,1
554,105776.1696,1
555,105776.1696,1
556,105776.1696,1
557,105776.5168,1
558,105776.789,1
559,105776.789,1
560,105777.101,1
561,105777.1374,1
562,105777.1374,1
563,105777.1374,1
564,105777.1374,1
565,105777.1374,1
566,105777.1374,1
567,105777.1374,1
568,105777.1374,1
569,105778.1528,1
570,105778.25140000001,1
571,105778.4494,1
572,105778.63,1
573,105779.11540000001,1
574,105779.15220000001,1
575,105779.5656,1
576,105779.5656,1
577,105779.5656,1
578,105779.5656,1
579,105779.5656,1
580,105779.5656,1
581,105779.5672,1
582,105779.5672,1
583,105779.5672,1
584,105779.5672,1
585,105780.20240000001,1
586,105782.8654,1
587,105783.04980000001,1
588,105783.04980000001,1
589,105783.0928,1
590,105783.2686,1
591,105783.52879999999,1
592,105783.52879999999,1
593,105783.52879999999,1
594,105783.52879999999,1
595,105783.52879999999,1
596,105783.52879999999,1
597,105783.6948,1
598,105783.6948,1
599,105783.6948,1
600,105783.729,1
601,105783.729,1
602,105783.729,1
603,105783.729,1
604,105783.729,1
605,105783.729,1
606,105783.729,1
607,105783.729,1
608,105783.729,1
609,105783.729,1
610,105784.03459999998,1
611,105784.623,1
612,105784.6496,1
613,105784.6496,1
614,105784.70300000001,1
615,105784.70300000001,1
616,105784.7382,1
617,105785.0332,1
618,105785.0582,1
619,105785.83320000001,1
620,105785.83320000001,1
621,105786.05100000002,1
622,105786.48300000001,1
623,105786.49520000002,1
624,105786.57180000002,1
625,105786.57180000002,1
626,105786.6326,1
627,105787.13940000001,1
628,105788.48600000002,1
629,105788.4986,1
630,105788.4986,1
631,105789.19099999999,1
632,105789.19099999999,1
633,105789.19099999999,1
634,105789.19099999999,1
635,105789.379,1
636,105789.93199999999,1
637,105789.93199999999,1
638,105790.4332,1
639,105790.9068,1
640,105790.9068,1
641,105790.9068,1
642,105790.9792,1
643,105791.00020000001,1
644,105791.00020000001,1
645,105791.31780000002,1
646,105791.31780000002,1
647,105791.31780000002,1
648,105791.33099999999,1
649,105791.33099999999,1
650,105791.33119999999,1
651,105792.3234,1
652,105792.3234,1
653,105792.3234,1
654,105792.7122,1
655,105792.987,1
656,105793.22320000001,1
657,105793.22320000001,1
658,105793.22320000001,1
659,105793.22320000001,1
660,105793.22320000001,1
661,105793.3034,1
662,105793.37,1
663,105793.37,1
664,105796.415,1
665,105796.415,1
666,105796.415,1
667,105796.415,1
668,105796.68560000001,1
669,105796.68560000001,1
670,105796.68560000001,1
671,105796.8576,1
672,105797.29960000001,1
673,105797.29960000001,1
674,105797.29960000001,1
675,105797.29960000001,1
676,105800.9716,1
677,105800.9716,1
678,105801.2652,1
679,105801.2652,1
680,105801.2652,1
681,105801.641,1
682,105801.641,1
683,105801.641,1
684,105801.9198,1
685,105802.20360000001,1
686,105802.23800000001,1
687,105802.3638,1
688,105802.3638,1
689,105802.3638,1
690,105802.68380000001,1
691,105802.70440000002,1
692,105802.70440000002,1
693,105802.70440000002,1
694,105802.88140000001,1
695,105802.88140000001,1
696,105803.69540000001,1
697,105803.69540000001,1
698,105803.69540000001,1
699,105803.69540000001,1
700,105803.74560000001,1
1,9501.5338,2
2,10408.720999999998,2
3,12259.2876,2
4,13576.529799999997,2
5,15206.715199999999,2
6,17441.415,2
7,20033.28099999999,2
8,22645.038399999994,2
9,25608.34259999999,2
10,28828.617799999996,2
11,31831.955599999998,2
12,35066.122800000005,2
13,38792.01220000002,2
14,42997.9742,2
15,46670.88299999999,2
16,50775.55500000001,2
17,55308.98260000001,2
18,58890.00120000002,2
19,64157.08339999999,2
20,68429.4726,2
21,72720.21099999995,2
22,78471.25619999996,2
23,83958.67100000002,2
24,88356.73539999999,2
25,92574.39479999995,2
26,96687.03180000001,2
27,100088.19499999998,2
28,102824.56520000003,2
29,104584.90160000003,2
30,105712.57800000001,2
31,106402.46299999999,2
32,106746.1236,2
33,106975.66380000001,2
34,107044.85559999998,2
35,107117.94739999999,2
36,107195.556,2
37,107238.6666,2
38,107313.28320000002,2
39,107344.82760000002,2
40,107370.93139999999,2
41,107401.33259999998,2
42,107403.01739999998,2
43,107416.93339999998,2
44,107426.08619999998,2
45,107446.92439999995,2
46,107472.14759999997,2
47,107477.37519999998,2
48,107488.79799999997,2
49,107495.93599999997,2
50,107498.53379999999,2
51,107520.0474,2
52,107537.76799999998,2
53,107543.563,2
54,107548.14439999998,2
55,107568.61639999997,2
56,107576.27279999998,2
57,107594.40239999998,2
58,107597.58959999999,2
59,107598.8998,2
60,107618.02680000002,2
61,107620.5276,2
62,107625.24279999999,2
63,107635.0024,2
64,107637.8756,2
65,107654.99000000002,2
66,107658.27900000001,2
67,107659.72260000002,2
68,107663.64759999998,2
69,107681.66559999996,2
70,107695.80459999999,2
71,107701.00919999999,2
72,107704.42399999998,2
73,107716.1322,2
74,107726.07459999998,2
75,107741.45419999996,2
76,107762.533,2
77,107772.5946,2
78,107783.42899999999,2
79,107792.51279999997,2
80,107798.59719999999,2
81,107803.44499999998,2
82,107807.3968,2
83,107808.5534,2
84,107820.2556,2
85,107822.4008,2
86,107827.82940000002,2
87,107835.14860000001,2
88,107836.92560000002,2
89,107844.61660000002,2
90,107854.99200000003,2
91,107860.35420000002,2
92,107874.41660000004,2
93,107882.27820000004,2
94,107893.19400000005,2
95,107894.51960000001,2
96,107898.57520000002,2
97,107914.56620000002,2
98,107920.22380000002,2
99,107923.84180000001,2
100,107931.70100000002,2
101,107933.12,2
102,107949.63760000002,2
103,107951.01520000001,2
104,107966.06300000001,2
105,107971.67519999998,2
106,107978.32979999996,2
107,107978.55779999995,2
108,107984.18499999997,2
109,107990.40019999997,2
110,107996.67279999997,2
111,108002.64279999997,2
112,108014.46439999998,2
113,108025.61539999997,2
114,108028.77159999998,2
115,108035.56979999998,2
116,108036.82359999997,2
117,108038.59259999997,2
118,108043.96559999997,2
119,108051.55559999999,2
120,108053.25159999996,2
121,108056.79099999995,2
122,108059.80279999999,2
123,108069.61259999998,2
124,108071.43359999999,2
125,108074.56460000001,2
126,108080.8584,2
127,108097.5016,2
128,108105.08919999999,2
129,108111.39819999998,2
130,108111.41699999999,2
131,108119.59620000001,2
132,108132.18560000003,2
133,108140.27340000002,2
134,108141.09560000003,2
135,108151.40800000004,2
136,108170.59080000003,2
137,108181.10400000006,2
138,108194.38020000006,2
139,108203.95100000003,2
140,108205.76720000005,2
141,108212.13000000002,2
142,108219.21800000002,2
143,108236.51940000002,2
144,108245.47860000002,2
145,108260.68760000002,2
146,108263.0804,2
147,108264.47280000002,2
148,108269.27040000001,2
149,108269.5574,2
150,108270.03920000001,2
151,108270.41020000003,2
152,108274.89840000002,2
153,108278.91679999999,2
154,108285.34100000001,2
155,108298.3432,2
156,108299.584,2
157,108307.4134,2
158,108311.054,2
159,108324.32600000002,2
160,108327.59020000002,2
161,108328.57020000002,2
162,108334.25740000002,2
163,108334.50440000002,2
164,108336.01180000002,2
165,108339.05380000001,2
166,108347.22880000001,2
167,108352.46220000001,2
168,108360.09700000001,2
169,108375.81439999999,2
170,108378.1718,2
171,108379.80680000002,2
172,108385.92599999999,2
173,108390.944,2
174,108394.34840000002,2
175,108396.10360000003,2
176,108402.03640000003,2
177,108408.54540000005,2
178,108409.82340000004,2
179,108412.23040000003,2
180,108412.73560000004,2
181,108413.85400000004,2
182,108414.42180000005,2
183,108414.84620000004,2
184,108414.99040000005,2
185,108421.78760000004,2
186,108423.41180000003,2
187,108427.01780000003,2
188,108429.98840000002,2
189,108433.43900000003,2
190,108441.388,2
191,108443.89240000003,2
192,108443.95020000002,2
193,108458.2258,2
194,108468.2578,2
195,108468.4108,2
196,108481.78060000003,2
197,108482.14160000002,2
198,108483.12940000002,2
199,108483.12940000002,2
200,108496.46620000001,2
201,108496.61360000001,2
202,108500.14780000004,2
203,108500.85740000002,2
204,108502.05940000006,2
205,108515.19240000006,2
206,108522.68240000006,2
207,108528.49900000005,2
208,108530.02020000006,2
209,108539.02100000005,2
210,108539.02100000005,2
211,108542.23840000006,2
212,108543.80800000005,2
213,108543.87840000003,2
214,108548.01440000004,2
215,108550.74660000004,2
216,108555.40140000005,2
217,108557.73200000005,2
218,108560.22680000003,2
219,108561.66680000002,2
220,108562.60820000002,2
221,108577.89540000001,2
222,108579.13600000001,2
223,108579.91960000001,2
224,108579.95460000001,2
225,108594.60520000002,2
226,108597.9634,2
227,108600.35839999998,2
228,108603.53739999999,2
229,108610.19959999999,2
230,108621.0492,2
231,108621.0892,2
232,108621.88559999998,2
233,108624.29139999997,2
234,108630.82279999998,2
235,108641.61059999999,2
236,108650.48719999997,2
237,108650.60139999997,2
238,108660.90299999999,2
239,108671.04359999998,2
240,108677.85459999999,2
241,108683.9034,2
242,108684.63560000002,2
243,108690.83820000003,2
244,108692.62980000002,2
245,108694.48760000002,2
246,108699.4836,2
247,108699.57340000002,2
248,108706.11200000001,2
249,108709.44280000003,2
250,108714.46400000002,2
251,108715.63780000001,2
252,108719.99420000002,2
253,108722.713,2
254,108733.54600000002,2
255,108740.90040000001,2
256,108746.45680000001,2
257,108754.82560000001,2
258,108755.23780000002,2
259,108762.25700000001,2
260,108762.93280000001,2
261,108765.85660000001,2
262,108768.60200000003,2
263,108771.43540000003,2
264,108771.43540000003,2
265,108773.59520000001,2
266,108777.14380000002,2
267,108777.40560000004,2
268,108777.50040000003,2
269,108777.50040000003,2
270,108792.74160000004,2
271,108793.01600000003,2
272,108799.69720000002,2
273,108801.38800000005,2
274,108803.83760000001,2
275,108804.14860000001,2
276,108806.0724,2
277,108806.10760000002,2
278,108809.06520000001,2
279,108813.92880000001,2
280,108816.07600000002,2
281,108816.39340000002,2
282,108818.53860000001,2
283,108825.03959999999,2
284,108834.8748,2
285,108841.00540000001,2
286,108843.06459999998,2
287,108848.34879999999,2
288,108848.8934,2
289,108851.13760000002,2
290,108854.7498,2
291,108855.16660000003,2
292,108855.7072,2
293,108860.93360000002,2
294,108863.16160000002,2
295,108863.84500000002,2
296,108865.86060000003,2
297,108868.774,2
298,108875.1402,2
299,108884.02340000002,2
300,108886.2428,2
301,108887.8356,2
302,108887.8356,2
303,108890.80000000002,2
304,108891.3024,2
305,108898.6754,2
306,108900.15719999999,2
307,108902.72139999998,2
308,108907.13939999997,2
309,108907.56399999998,2
310,108909.07519999999,2
311,108910.4156,2
312,108910.4662,2
313,108914.2888,2
314,108926.93759999998,2
315,108927.85379999997,2
316,108933.70719999998,2
317,108935.47799999997,2
318,108937.17819999997,2
319,108938.62299999996,2
320,108938.64419999997,2
321,108939.19139999997,2
322,108940.81859999997,2
323,108941.00699999997,2
324,108941.18479999997,2
325,108946.50699999997,2
326,108947.00919999999,2
327,108948.21759999997,2
328,108950.52519999999,2
329,108951.51220000001,2
330,108951.67300000001,2
331,108951.91279999999,2
332,108957.2966,2
333,108957.8908,2
334,108958.6024,2
335,108965.45899999999,2
336,108966.8818,2
337,108966.9986,2
338,108968.5228,2
339,108968.99180000002,2
340,108969.35060000002,2
341,108973.08760000001,2
342,108973.59040000002,2
343,108976.8046,2
344,108982.8306,2
345,108982.8306,2
346,108983.1924,2
347,108983.44520000002,2
348,108993.5206,2
349,109002.9994,2
350,109003.73200000002,2
351,109006.1788,2
352,109007.0508,2
353,109010.0626,2
354,109015.4754,2
355,109021.60639999999,2
356,109021.94859999997,2
357,109022.17579999998,2
358,109023.31959999999,2
359,109024.00479999998,2
360,109024.80219999999,2
361,109026.2386,2
362,109035.8936,2
363,109039.5792,2
364,109039.67,2
365,109040.0274,2
366,109041.39480000001,2
367,109048.69940000001,2
368,109048.7522,2
369,109051.7468,2
370,109052.15199999999,2
371,109052.65280000001,2
372,109056.21340000002,2
373,109056.37740000003,2
374,109058.39140000001,2
375,109058.998,2
376,109059.01240000002,2
377,109059.01240000002,2
378,109060.6742,2
379,109061.9594,2
380,109062.8324,2
381,109062.90380000001,2
382,109062.99740000001,2
383,109063.6076,2
384,109064.21679999998,2
385,109064.30099999998,2
386,109064.93519999998,2
387,109066.81139999999,2
388,109072.45739999998,2
389,109075.94200000001,2
390,109076.3566,2
391,109079.90179999999,2
392,109081.7792,2
393,109081.7792,2
394,109082.0008,2
395,109082.0008,2
396,109082.48239999998,2
397,109082.48239999998,2
398,109083.2124,2
399,109083.47720000001,2
400,109084.6306,2
401,109084.63100000001,2
402,109086.66880000001,2
403,109086.7912,2
404,109086.7912,2
405,109087.7164,2
406,109088.33160000002,2
407,109088.34760000002,2
408,109089.2204,2
409,109089.50280000003,2
410,109092.30020000003,2
411,109092.41220000002,2
412,109093.08780000001,2
413,109094.414,2
414,109094.414,2
415,109094.414,2
416,109095.859,2
417,109095.859,2
418,109095.87920000002,2
419,109095.89680000002,2
420,109095.92280000001,2
421,109097.148,2
422,109097.4008,2
423,109097.71719999998,2
424,109100.8952,2
425,109100.8952,2
426,109102.4542,2
427,109102.4542,2
428,109106.2954,2
429,109106.44120000002,2
430,109107.39520000001,2
431,109107.39520000001,2
432,109107.89000000001,2
433,109108.66960000001,2
434,109109.79060000001,2
435,109110.03379999999,2
436,109110.37719999999,2
437,109111.7254,2
438,109111.9044,2
439,109112.1268,2
440,109112.1268,2
441,109112.22859999999,2
442,109112.6868,2
443,109113.0708,2
444,109113.0708,2
445,109113.22099999999,2
446,109113.22099999999,2
447,109113.7778,2
448,109113.85659999998,2
449,109114.13579999996,2
450,109114.16019999998,2
451,109114.83899999996,2
452,109114.83899999996,2
453,109115.23199999996,2
454,109115.30719999997,2
455,109115.30719999997,2
456,109115.30719999997,2
457,109115.33139999997,2
458,109115.47919999996,2
459,109116.36059999996,2
460,109116.47919999994,2
461,109116.47919999994,2
462,109116.47919999994,2
463,109117.76559999993,2
464,109117.76559999993,2
465,109117.76559999993,2
466,109117.76559999993,2
467,109117.94699999994,2
468,109118.01159999993,2
469,109118.07099999994,2
470,109118.08679999992,2
471,109118.19499999992,2
472,109122.43399999994,2
473,109122.50299999991,2
474,109122.50299999991,2
475,109122.74739999993,2
476,109122.7719999999,2
477,109122.7719999999,2
478,109123.37299999992,2
479,109123.80099999992,2
480,109124.19379999992,2
481,109124.21059999993,2
482,109124.42819999992,2
483,109125.88939999994,2
484,109125.94859999995,2
485,109126.69639999996,2
486,109126.72319999996,2
487,109126.94079999997,2
488,109126.94079999997,2
489,109127.01999999996,2
490,109127.38519999996,2
491,109128.32979999996,2
492,109128.74739999995,2
493,109128.75599999996,2
494,109129.31799999996,2
495,109129.70439999994,2
496,109129.83779999994,2
497,109129.83919999994,2
498,109129.93019999994,2
499,109130.85819999994,2
500,109130.85819999994,2
501,109130.85819999994,2
502,109131.12959999996,2
503,109131.21479999994,2
504,109131.23179999997,2
505,109131.23179999997,2
506,109131.23759999996,2
507,109131.30259999997,2
508,109131.30839999994,2
509,109131.50019999995,2
510,109131.53479999996,2
511,109131.56239999997,2
512,109131.56239999997,2
513,109131.62939999998,2
514,109131.62939999998,2
515,109131.62939999998,2
516,109131.62939999998,2
517,109131.62939999998,2
518,109131.62939999998,2
519,109131.63739999996,2
520,109131.63739999996,2
521,109131.63739999996,2
522,109137.30819999997,2
523,109137.57779999997,2
524,109137.61139999997,2
525,109137.75719999996,2
526,109137.85579999998,2
527,109137.85579999998,2
528,109137.85579999998,2
529,109137.89479999998,2
530,109137.99119999997,2
531,109137.99119999997,2
532,109138.13599999998,2
533,109138.41039999998,2
534,109138.72159999999,2
535,109138.852,2
536,109139.10919999998,2
537,109139.39279999997,2
538,109139.80419999998,2
539,109139.80419999998,2
540,109139.83139999998,2
541,109140.33599999998,2
542,109140.33599999998,2
543,109140.33599999998,2
544,109140.35239999996,2
545,109140.46099999998,2
546,109140.46099999998,2
547,109140.46099999998,2
548,109140.46099999998,2
549,109140.71459999998,2
550,109140.77619999998,2
551,109144.68139999997,2
552,109144.86939999998,2
553,109144.97879999997,2
554,109144.97879999997,2
555,109145.15839999999,2
556,109145.23019999998,2
557,109146.21019999997,2
558,109146.30819999998,2
559,109146.62139999999,2
560,109146.65199999999,2
561,109147.32719999999,2
562,109147.334,2
563,109147.334,2
564,109147.3614,2
565,109147.64779999999,2
566,109147.82359999999,2
567,109148.33140000001,2
568,109148.33140000001,2
569,109148.80859999999,2
570,109148.891,2
571,109149.4812,2
572,109149.56599999999,2
573,109149.56599999999,2
574,109149.77699999999,2
575,109149.81620000002,2
576,109149.82340000002,2
577,109150.0516,2
578,109150.0516,2
579,109150.1646,2
580,109150.1646,2
581,109150.2182,2
582,109150.2182,2
583,109150.2878,2
584,109150.33180000001,2
585,109150.33180000001,2
586,109150.33180000001,2
587,109150.33180000001,2
588,109150.33180000001,2
589,109150.33180000001,2
590,109150.34600000002,2
591,109150.7366,2
592,109150.7366,2
593,109150.75200000001,2
594,109150.75200000001,2
595,109150.985,2
596,109150.985,2
597,109151.38420000001,2
598,109151.42660000002,2
599,109151.52180000002,2
600,109151.52880000003,2
601,109151.52880000003,2
602,109151.64600000004,2
603,109151.66700000003,2
604,109151.82040000003,2
605,109151.82040000003,2
606,109151.84400000003,2
607,109152.14360000001,2
608,109152.14360000001,2
609,109152.4836,2
610,109152.49220000002,2
611,109152.57520000002,2
612,109152.57520000002,2
613,109152.57600000002,2
614,109152.57600000002,2
615,109153.72060000003,2
616,109153.82480000002,2
617,109154.01100000003,2
618,109154.01100000003,2
619,109154.55120000003,2
620,109154.57860000004,2
621,109154.65540000003,2
622,109154.65540000003,2
623,109154.85980000002,2
624,109154.94260000001,2
625,109154.95260000002,2
626,109154.97900000002,2
627,109155.55500000002,2
628,109155.77260000001,2
629,109155.79380000001,2
630,109155.89280000002,2
631,109155.92480000001,2
632,109155.92480000001,2
633,109155.94120000002,2
634,109156.06080000002,2
635,109156.06080000002,2
636,109156.22280000002,2
637,109157.00980000003,2
638,109157.03420000002,2
639,109157.03420000002,2
640,109157.15940000003,2
641,109157.15940000003,2
642,109157.15940000003,2
643,109157.18600000002,2
644,109157.25600000001,2
645,109157.39820000003,2
646,109157.39820000003,2
647,109157.43000000002,2
648,109157.43000000002,2
649,109157.59440000002,2
650,109157.59440000002,2
651,109157.59440000002,2
652,109157.67480000001,2
653,109157.96220000002,2
654,109158.05760000001,2
655,109158.12040000003,2
656,109158.12040000003,2
657,109158.21640000002,2
658,109158.21660000004,2
659,109158.32920000004,2
660,109158.41440000005,2
661,109159.58780000004,2
662,109159.58780000004,2
663,109159.58780000004,2
664,109159.64600000005,2
665,109159.64600000005,2
666,109159.65300000005,2
667,109159.65300000005,2
668,109159.68080000003,2
669,109160.04620000004,2
670,109160.06740000004,2
671,109160.10960000003,2
672,109160.17800000003,2
673,109160.21300000005,2
674,109160.21300000005,2
675,109160.54940000005,2
676,109160.65560000003,2
677,109160.97260000004,2
678,109161.05600000004,2
679,109161.10560000002,2
680,109161.65740000003,2
681,109162.04620000003,2
682,109162.32200000001,2
683,109162.32200000001,2
684,109162.32200000001,2
685,109162.32200000001,2
686,109162.32740000002,2
687,109162.4912,2
688,109162.5602,2
689,109162.69180000002,2
690,109162.69180000002,2
691,109162.69180000002,2
692,109162.69180000002,2
693,109162.69180000002,2
694,109162.90160000003,2
695,109163.02160000002,2
696,109163.02160000002,2
697,109163.11180000001,2
698,109163.11180000001,2
699,109163.11180000001,2
700,109163.67360000001,2
1,9324.454400000002,3
2,10122.220200000002,3
3,11286.593400000002,3
4,12880.148000000001,3
5,14499.9738,3
6,16381.5624,3
7,18528.009000000002,3
8,20675.318799999997,3
9,23303.062599999997,3
10,25731.863400000002,3
11,28320.864200000007,3
12,31627.308600000004,3
13,34051.234200000006,3
14,37437.94380000001,3
15,40201.681200000006,3
16,43117.93060000001,3
17,46422.1922,3
18,49483.84759999999,3
19,53297.84079999999,3
20,56563.13200000001,3
21,61105.3842,3
22,65481.57559999999,3
23,69086.0946,3
24,72426.7374,3
25,76054.8452,3
26,81043.31660000002,3
27,84939.87780000002,3
28,88831.52380000001,3
29,92503.0932,3
30,96516.70439999997,3
31,99269.87100000001,3
32,101321.91900000001,3
33,103092.8502,3
34,104232.1908,3
35,105074.472,3
36,105761.85879999999,3
37,106414.74619999998,3
38,106664.7598,3
39,106845.86820000003,3
40,106987.6564,3
41,107043.50259999999,3
42,107096.9902,3
43,107141.66360000001,3
44,107174.23260000002,3
45,107210.32359999999,3
46,107262.63880000002,3
47,107271.3726,3
48,107280.47279999999,3
49,107300.88819999999,3
50,107316.11619999997,3
51,107329.64639999998,3
52,107357.47739999999,3
53,107373.41879999997,3
54,107381.61599999998,3
55,107388.65259999997,3
56,107395.26139999997,3
57,107410.53619999999,3
58,107444.8398,3
59,107463.6474,3
60,107503.95659999998,3
61,107537.86339999997,3
62,107563.7852,3
63,107579.2504,3
64,107599.9426,3
65,107623.6044,3
66,107646.51559999998,3
67,107655.37859999998,3
68,107663.13279999998,3
69,107686.99939999997,3
70,107696.24819999999,3
71,107702.26979999998,3
72,107708.6984,3
73,107720.2194,3
74,107727.907,3
75,107743.30760000001,3
76,107745.83420000001,3
77,107759.61340000002,3
78,107767.61200000001,3
79,107769.20060000003,3
80,107794.24060000005,3
81,107809.16300000004,3
82,107820.61520000003,3
83,107831.14700000001,3
84,107848.00800000003,3
85,107875.06520000001,3
86,107879.74760000003,3
87,107882.54520000001,3
88,107891.94680000002,3
89,107914.43640000002,3
90,107923.19940000001,3
91,107939.0852,3
92,107949.77140000001,3
93,107960.6982,3
94,107965.75440000002,3
95,107976.07720000003,3
96,107991.14600000004,3
97,108006.52340000002,3
98,108019.73160000001,3
99,108033.63339999999,3
100,108033.66960000001,3
101,108037.84800000001,3
102,108053.29500000001,3
103,108055.33100000002,3
104,108068.92259999999,3
105,108077.62399999998,3
106,108080.64339999999,3
107,108093.166,3
108,108113.28719999999,3
109,108119.80140000001,3
110,108137.461,3
111,108140.72839999998,3
112,108141.93739999998,3
113,108152.548,3
114,108158.733,3
115,108163.8078,3
116,108171.3902,3
117,108177.54939999999,3
118,108195.33719999997,3
119,108217.837,3
120,108219.6922,3
121,108227.631,3
122,108233.93980000001,3
123,108238.1862,3
124,108264.28699999997,3
125,108280.0744,3
126,108287.7458,3
127,108291.58459999999,3
128,108298.7068,3
129,108303.6102,3
130,108311.3176,3
131,108313.6704,3
132,108323.05100000002,3
133,108331.51900000003,3
134,108337.76240000002,3
135,108337.99780000003,3
136,108342.93620000003,3
137,108355.92220000004,3
138,108356.81340000004,3
139,108366.23580000004,3
140,108369.48900000005,3
141,108374.69160000002,3
142,108390.58460000003,3
143,108404.46200000003,3
144,108417.15880000005,3
145,108427.92840000003,3
146,108433.00020000001,3
147,108437.05040000001,3
148,108451.7812,3
149,108455.9236,3
150,108462.32039999997,3
151,108472.29079999999,3
152,108481.62219999997,3
153,108493.02399999999,3
154,108512.27839999998,3
155,108512.45779999999,3
156,108519.3688,3
157,108529.5246,3
158,108531.62260000002,3
159,108534.01940000002,3
160,108546.6798,3
161,108553.6452,3
162,108556.9492,3
163,108570.1874,3
164,108571.36360000001,3
165,108576.3546,3
166,108589.758,3
167,108598.2742,3
168,108606.70959999999,3
169,108617.3542,3
170,108619.7492,3
171,108625.81080000002,3
172,108628.07200000001,3
173,108631.734,3
174,108643.22700000001,3
175,108645.30880000003,3
176,108660.98700000002,3
177,108662.44360000003,3
178,108673.68540000002,3
179,108678.04220000003,3
180,108680.17660000002,3
181,108681.81440000002,3
182,108691.91360000001,3
183,108712.08320000002,3
184,108715.93260000001,3
185,108728.09400000003,3
186,108731.98400000004,3
187,108749.1076,3
188,108762.06660000002,3
189,108768.384,3
190,108775.87499999999,3
191,108790.12299999999,3
192,108794.39999999998,3
193,108796.01079999999,3
194,108799.11439999999,3
195,108804.5884,3
196,108814.52119999999,3
197,108818.28480000001,3
198,108820.06199999998,3
199,108821.06319999999,3
200,108828.37739999998,3
201,108828.99579999998,3
202,108834.9044,3
203,108844.31059999998,3
204,108848.8602,3
205,108848.8602,3
206,108877.4846,3
207,108879.9696,3
208,108885.3826,3
209,108886.8008,3
210,108887.472,3
211,108888.5354,3
212,108890.3078,3
213,108903.93,3
214,108906.02160000001,3
215,108913.00799999999,3
216,108922.48319999999,3
217,108928.36619999999,3
218,108931.82239999999,3
219,108932.10539999999,3
220,108937.14140000002,3
221,108940.47880000003,3
222,108948.42940000004,3
223,108955.35840000001,3
224,108962.48800000001,3
225,108963.53420000002,3
226,108974.84120000001,3
227,108990.38160000001,3
228,108992.2332,3
229,108996.7688,3
230,109002.73960000002,3
231,109008.07280000001,3
232,109012.1922,3
233,109020.69959999999,3
234,109029.64499999997,3
235,109037.67539999998,3
236,109043.44739999996,3
237,109044.70219999996,3
238,109047.09919999998,3
239,109050.90979999996,3
240,109051.13779999997,3
241,109056.22039999998,3
242,109063.41999999997,3
243,109065.56879999995,3
244,109067.10559999997,3
245,109069.15279999995,3
246,109072.38319999997,3
247,109074.40019999996,3
248,109078.46139999997,3
249,109081.51639999996,3
250,109084.06339999998,3
251,109085.49739999998,3
252,109088.64679999997,3
253,109088.94839999998,3
254,109089.87239999998,3
255,109092.48159999998,3
256,109094.34319999999,3
257,109094.87059999998,3
258,109098.45779999997,3
259,109100.36659999998,3
260,109103.24999999999,3
261,109108.99459999999,3
262,109114.1874,3
263,109115.1482,3
264,109122.75480000001,3
265,109122.87500000001,3
266,109122.87500000001,3
267,109137.04660000002,3
268,109144.9166,3
269,109145.6724,3
270,109148.36440000002,3
271,109151.80820000003,3
272,109152.59380000003,3
273,109156.44820000004,3
274,109161.23060000004,3
275,109165.42820000004,3
276,109165.86160000003,3
277,109171.40260000003,3
278,109176.54280000005,3
279,109177.51740000004,3
280,109179.89120000003,3
281,109181.56040000003,3
282,109184.90400000002,3
283,109189.20880000001,3
284,109189.20880000001,3
285,109198.3766,3
286,109206.5854,3
287,109210.326,3
288,109215.8954,3
289,109217.75499999998,3
290,109217.75499999998,3
291,109219.21999999999,3
292,109223.08299999998,3
293,109230.90259999997,3
294,109235.08419999997,3
295,109235.39539999998,3
296,109238.36339999997,3
297,109242.65659999999,3
298,109247.96919999996,3
299,109248.49819999997,3
300,109249.58659999997,3
301,109251.25279999996,3
302,109254.07599999996,3
303,109257.66019999995,3
304,109257.95199999996,3
305,109258.30859999997,3
306,109258.79479999997,3
307,109258.79479999997,3
308,109258.89419999998,3
309,109261.26359999998,3
310,109262.06859999997,3
311,109263.10699999997,3
312,109266.49499999998,3
313,109271.11,3
314,109275.108,3
315,109275.1182,3
316,109279.4884,3
317,109279.6956,3
318,109281.53080000001,3
319,109283.11540000001,3
320,109283.77420000001,3
321,109285.50420000002,3
322,109292.48480000002,3
323,109296.48240000001,3
324,109297.0826,3
325,109298.88580000002,3
326,109300.42860000001,3
327,109306.54520000001,3
328,109312.14700000001,3
329,109313.61920000002,3
330,109318.65280000001,3
331,109320.49360000002,3
332,109320.86540000001,3
333,109333.7832,3
334,109334.20439999999,3
335,109340.9182,3
336,109346.03100000002,3
337,109346.702,3
338,109346.8698,3
339,109353.58300000001,3
340,109353.9842,3
341,109354.4296,3
342,109354.73879999999,3
343,109354.73879999999,3
344,109354.9922,3
345,109355.00059999998,3
346,109358.508,3
347,109358.54220000001,3
348,109359.4266,3
349,109359.4266,3
350,109359.67740000002,3
351,109363.27720000001,3
352,109363.67340000001,3
353,109363.79720000003,3
354,109363.95000000001,3
355,109365.85820000005,3
356,109366.15040000003,3
357,109366.48740000003,3
358,109366.72120000003,3
359,109373.0154,3
360,109375.18100000004,3
361,109375.30880000003,3
362,109375.90300000002,3
363,109376.78560000005,3
364,109377.81700000002,3
365,109378.97200000002,3
366,109378.97200000002,3
367,109378.97340000003,3
368,109384.32940000002,3
369,109384.5844,3
370,109391.02140000001,3
371,109391.42240000002,3
372,109391.47100000002,3
373,109394.3956,3
374,109396.10120000003,3
375,109399.03820000002,3
376,109399.62640000002,3
377,109403.8634,3
378,109403.8924,3
379,109404.1432,3
380,109404.2158,3
381,109404.2504,3
382,109407.705,3
383,109408.0398,3
384,109409.1124,3
385,109409.1124,3
386,109409.69919999997,3
387,109410.01559999997,3
388,109411.45719999998,3
389,109411.48639999997,3
390,109411.69479999997,3
391,109419.37559999997,3
392,109419.41079999997,3
393,109420.71219999997,3
394,109422.05799999998,3
395,109422.06299999997,3
396,109423.1922,3
397,109425.68440000001,3
398,109425.68440000001,3
399,109426.02200000001,3
400,109428.21299999999,3
401,109428.7554,3
402,109430.09519999998,3
403,109430.12799999998,3
404,109430.47999999998,3
405,109430.52319999998,3
406,109430.85779999997,3
407,109431.2018,3
408,109431.30239999999,3
409,109431.32199999997,3
410,109435.79899999998,3
411,109435.81379999999,3
412,109435.94579999999,3
413,109436.72819999998,3
414,109436.72819999998,3
415,109439.442,3
416,109448.4384,3
417,109448.7912,3
418,109449.1188,3
419,109454.6674,3
420,109454.83859999999,3
421,109454.83859999999,3
422,109456.713,3
423,109457.29280000001,3
424,109461.65420000002,3
425,109462.9734,3
426,109462.98980000001,3
427,109464.0864,3
428,109466.12680000001,3
429,109472.00540000001,3
430,109473.234,3
431,109473.39360000001,3
432,109481.34440000002,3
433,109481.34440000002,3
434,109481.90580000001,3
435,109481.9834,3
436,109481.9834,3
437,109482.0322,3
438,109482.0322,3
439,109482.12100000001,3
440,109482.8992,3
441,109484.04560000001,3
442,109484.17360000001,3
443,109484.30719999998,3
444,109484.30719999998,3
445,109485.1982,3
446,109485.53080000001,3
447,109485.6544,3
448,109485.95019999999,3
449,109486.082,3
450,109486.1676,3
451,109486.1676,3
452,109486.18119999999,3
453,109486.4134,3
454,109486.4134,3
455,109487.64279999999,3
456,109487.6718,3
457,109488.06719999999,3
458,109488.09639999998,3
459,109488.22559999999,3
460,109488.67919999998,3
461,109488.69719999997,3
462,109488.75819999998,3
463,109489.42719999999,3
464,109489.54219999997,3
465,109489.67859999997,3
466,109489.67859999997,3
467,109502.511,3
468,109502.6078,3
469,109502.64439999999,3
470,109502.69280000002,3
471,109502.76580000002,3
472,109503.00900000002,3
473,109503.02360000001,3
474,109503.27960000002,3
475,109506.913,3
476,109506.98220000003,3
477,109509.62020000002,3
478,109509.62020000002,3
479,109509.62020000002,3
480,109510.10520000002,3
481,109510.13700000002,3
482,109510.2586,3
483,109510.2586,3
484,109510.2612,3
485,109510.2612,3
486,109517.5566,3
487,109517.76960000001,3
488,109517.76960000001,3
489,109518.14219999999,3
490,109518.7512,3
491,109518.96559999998,3
492,109518.96559999998,3
493,109519.17059999998,3
494,109524.35059999999,3
495,109525.14299999997,3
496,109525.56739999999,3
497,109525.62259999997,3
498,109525.64279999999,3
499,109525.7668,3
500,109526.04539999999,3
501,109526.04539999999,3
502,109526.3134,3
503,109526.55840000002,3
504,109527.02700000002,3
505,109527.1214,3
506,109527.14880000001,3
507,109527.58320000002,3
508,109527.95480000002,3
509,109527.98540000003,3
510,109528.14800000003,3
511,109533.96400000002,3
512,109533.96400000002,3
513,109534.20120000001,3
514,109534.23460000001,3
515,109534.26340000001,3
516,109534.33500000002,3
517,109534.48080000003,3
518,109534.60120000003,3
519,109535.04300000002,3
520,109536.45320000002,3
521,109536.54360000003,3
522,109536.67440000002,3
523,109537.08600000001,3
524,109537.254,3
525,109537.64000000001,3
526,109537.73300000001,3
527,109537.80000000002,3
528,109538.05000000002,3
529,109538.72360000003,3
530,109538.72360000003,3
531,109538.72360000003,3
532,109538.75560000002,3
533,109538.812,3
534,109539.15660000002,3
535,109539.16760000002,3
536,109539.22120000003,3
537,109539.41500000002,3
538,109539.71280000001,3
539,109540.269,3
540,109540.269,3
541,109540.34420000002,3
542,109540.34420000002,3
543,109540.7722,3
544,109544.43920000002,3
545,109544.60360000002,3
546,109544.7164,3
547,109544.7582,3
548,109544.951,3
549,109546.8156,3
550,109546.84619999999,3
551,109546.882,3
552,109548.1302,3
553,109548.1524,3
554,109548.1682,3
555,109548.194,3
556,109548.37340000001,3
557,109548.37340000001,3
558,109548.61580000001,3
559,109548.65200000002,3
560,109548.71680000001,3
561,109548.73920000001,3
562,109548.76000000002,3
563,109548.76000000002,3
564,109548.84060000003,3
565,109548.89620000003,3
566,109549.20540000004,3
567,109549.53680000002,3
568,109549.6582,3
569,109549.86440000002,3
570,109551.1972,3
571,109551.2834,3
572,109551.30380000001,3
573,109551.42540000001,3
574,109551.45260000002,3
575,109551.57480000002,3
576,109552.25020000001,3
577,109553.72200000001,3
578,109553.7942,3
579,109553.8526,3
580,109553.8662,3
581,109554.34700000001,3
582,109554.36240000003,3
583,109554.63900000002,3
584,109554.75660000004,3
585,109554.75660000004,3
586,109554.78220000003,3
587,109554.86340000002,3
588,109554.95840000002,3
589,109555.02860000003,3
590,109557.33440000004,3
591,109557.36600000001,3
592,109557.71420000003,3
593,109558.84480000002,3
594,109558.84480000002,3
595,109558.84480000002,3
596,109558.94700000003,3
597,109558.94700000003,3
598,109558.98540000003,3
599,109560.31620000003,3
600,109560.62520000001,3
601,109560.75580000001,3
602,109560.77100000001,3
603,109560.78440000002,3
604,109561.07800000001,3
605,109561.21080000002,3
606,109561.28280000002,3
607,109561.39480000002,3
608,109561.5128,3
609,109561.5824,3
610,109561.5838,3
611,109561.8448,3
612,109562.02260000001,3
613,109562.02260000001,3
614,109562.14820000003,3
615,109562.14820000003,3
616,109562.20220000003,3
617,109562.20220000003,3
618,109562.20740000001,3
619,109562.28620000002,3
620,109562.28620000002,3
621,109562.43160000003,3
622,109562.49240000002,3
623,109562.52700000003,3
624,109562.96800000005,3
625,109563.19200000002,3
626,109563.34380000005,3
627,109563.68300000005,3
628,109564.05280000005,3
629,109564.39400000004,3
630,109564.49860000005,3
631,109564.49860000005,3
632,109564.57000000004,3
633,109564.68340000004,3
634,109564.68500000004,3
635,109564.69500000004,3
636,109564.69780000002,3
637,109564.89800000003,3
638,109565.03480000002,3
639,109565.05160000002,3
640,109565.13020000003,3
641,109565.13680000004,3
642,109565.17380000003,3
643,109565.17380000003,3
644,109565.17380000003,3
645,109565.17380000003,3
646,109565.21120000003,3
647,109565.21120000003,3
648,109565.49880000003,3
649,109565.55680000002,3
650,109565.55680000002,3
651,109565.55680000002,3
652,109565.56620000003,3
653,109565.63000000002,3
654,109565.63000000002,3
655,109565.87820000002,3
656,109565.88460000003,3
657,109565.88460000003,3
658,109565.88460000003,3
659,109565.96740000004,3
660,109565.96740000004,3
661,109566.06340000004,3
662,109566.14520000003,3
663,109566.17380000003,3
664,109566.20200000003,3
665,109566.23080000003,3
666,109566.25660000004,3
667,109566.25660000004,3
668,109566.28860000003,3
669,109566.41340000002,3
670,109566.50360000001,3
671,109566.85339999999,3
672,109566.96620000001,3
673,109567.00280000002,3
674,109567.00280000002,3
675,109567.0276,3
676,109567.0276,3
677,109567.0276,3
678,109567.065,3
679,109567.2872,3
680,109567.3978,3
681,109567.45760000002,3
682,109567.45760000002,3
683,109567.54360000002,3
684,109567.54360000002,3
685,109567.6,3
686,109567.6584,3
687,109567.6584,3
688,109567.6952,3
689,109567.73199999999,3
690,109568.43559999998,3
691,109568.49579999998,3
692,109568.56379999999,3
693,109568.7176,3
694,109568.7984,3
695,109568.7984,3
696,109568.8096,3
697,109568.8096,3
698,109568.93119999999,3
699,109568.93600000002,3
700,109568.97320000002,3
1,9395.861000000003,4
2,13807.648399999996,4
3,19215.1458,4
4,25499.797000000002,4
5,31634.167800000003,4
6,37917.77300000001,4
7,45487.441799999986,4
8,53943.90819999999,4
9,62268.43100000001,4
10,71265.9008,4
11,81178.3522,4
12,90649.6208,4
13,98985.57639999999,4
14,104698.93539999999,4
15,106353.10500000003,4
16,106790.66220000005,4
17,106906.23819999998,4
18,106971.48679999996,4
19,107064.44599999998,4
20,107101.57479999999,4
21,107155.00039999999,4
22,107170.09679999998,4
23,107194.50799999999,4
24,107213.70600000002,4
25,107217.4478,4
26,107234.27860000003,4
27,107236.25680000003,4
28,107240.5306,4
29,107259.91819999999,4
30,107262.25200000001,4
31,107270.45340000001,4
32,107282.51060000001,4
33,107285.36240000003,4
34,107287.38360000003,4
35,107301.71260000003,4
36,107306.11280000002,4
37,107314.2508,4
38,107315.0898,4
39,107317.47559999999,4
40,107322.2856,4
41,107324.34659999999,4
42,107325.77959999997,4
43,107332.8742,4
44,107338.17920000001,4
45,107340.2668,4
46,107350.714,4
47,107352.603,4
48,107359.90540000003,4
49,107363.96600000001,4
50,107365.4668,4
51,107371.84300000001,4
52,107372.31940000001,4
53,107385.66020000001,4
54,107396.86219999999,4
55,107414.86159999999,4
56,107417.19,4
57,107426.09419999999,4
58,107430.15919999998,4
59,107432.09919999998,4
60,107434.756,4
61,107435.36920000002,4
62,107435.98280000001,4
63,107437.68320000003,4
64,107440.52860000002,4
65,107444.36800000003,4
66,107445.1122,4
67,107450.83300000001,4
68,107453.42139999996,4
69,107458.52519999997,4
70,107471.0834,4
71,107474.84740000003,4
72,107476.97320000001,4
73,107477.7266,4
74,107480.90800000001,4
75,107481.2582,4
76,107486.46780000001,4
77,107494.99920000002,4
78,107496.7816,4
79,107503.79280000001,4
80,107511.23719999999,4
81,107513.96,4
82,107525.0432,4
83,107525.62980000001,4
84,107527.37779999999,4
85,107529.6546,4
86,107529.99179999997,4
87,107532.89579999998,4
88,107533.44,4
89,107534.1292,4
90,107537.67760000001,4
91,107538.6416,4
92,107541.01380000002,4
93,107549.2626,4
94,107552.08860000002,4
95,107554.71180000002,4
96,107557.1848,4
97,107557.8248,4
98,107558.0552,4
99,107558.51040000001,4
100,107558.8768,4
101,107564.71699999999,4
102,107565.9884,4
103,107569.1602,4
104,107569.7988,4
105,107571.9362,4
106,107573.14459999999,4
107,107573.92779999998,4
108,107581.31959999999,4
109,107581.48659999999,4
110,107582.43939999997,4
111,107582.58459999999,4
112,107582.86799999999,4
113,107583.18099999998,4
114,107584.0578,4
115,107584.07119999999,4
116,107584.16499999998,4
117,107587.89279999997,4
118,107591.23399999997,4
119,107592.24059999999,4
120,107594.24279999998,4
121,107596.6624,4
122,107602.82600000002,4
123,107605.08860000002,4
124,107605.2912,4
125,107606.4166,4
126,107607.15879999999,4
127,107611.25099999999,4
128,107611.6084,4
129,107612.0058,4
130,107613.5546,4
131,107614.41120000002,4
132,107614.79020000002,4
133,107617.93820000002,4
134,107622.56740000001,4
135,107623.72540000001,4
136,107624.72720000002,4
137,107625.45680000001,4
138,107626.013,4
139,107626.49880000003,4
140,107646.7984,4
141,107646.86619999999,4
142,107656.65,4
143,107658.6392,4
144,107667.70379999999,4
145,107670.4876,4
146,107670.97200000001,4
147,107671.8908,4
148,107672.00480000001,4
149,107672.67259999999,4
150,107672.90359999999,4
151,107673.3036,4
152,107673.69499999998,4
153,107674.32639999996,4
154,107674.43219999997,4
155,107680.33979999997,4
156,107681.40019999997,4
157,107685.20939999999,4
158,107693.78899999999,4
159,107695.73859999998,4
160,107700.04219999997,4
161,107700.65279999998,4
162,107701.24919999998,4
163,107701.8952,4
164,107701.93059999999,4
165,107702.25079999998,4
166,107702.81059999998,4
167,107703.00179999995,4
168,107703.07219999997,4
169,107703.33099999996,4
170,107704.49439999998,4
171,107704.62299999996,4
172,107710.82619999997,4
173,107710.82619999997,4
174,107711.54539999997,4
175,107711.65939999997,4
176,107711.84959999999,4
177,107712.358,4
178,107712.43539999999,4
179,107712.8154,4
180,107713.2992,4
181,107713.46180000002,4
182,107713.46180000002,4
183,107714.26900000003,4
184,107714.91980000005,4
185,107719.07420000006,4
186,107720.27400000006,4
187,107720.99040000007,4
188,107723.58840000005,4
189,107723.65160000004,4
190,107723.84960000005,4
191,107724.77700000003,4
192,107725.96960000004,4
193,107726.85280000005,4
194,107728.23760000004,4
195,107732.38300000005,4
196,107735.70000000004,4
197,107740.65780000003,4
198,107742.35160000002,4
199,107745.56280000001,4
200,107745.64480000002,4
201,107746.73180000001,4
202,107747.2348,4
203,107747.50020000001,4
204,107753.5914,4
205,107754.14219999999,4
206,107754.2414,4
207,107754.32920000002,4
208,107754.36839999999,4
209,107754.45120000001,4
210,107754.543,4
211,107754.5556,4
212,107754.5958,4
213,107755.04019999999,4
214,107755.06559999997,4
215,107755.06559999997,4
216,107755.11459999999,4
217,107755.22799999999,4
218,107755.22799999999,4
219,107755.27999999998,4
220,107755.35539999999,4
221,107755.5266,4
222,107755.5266,4
223,107755.6234,4
224,107755.83100000002,4
225,107763.10720000003,4
226,107763.10720000003,4
227,107767.37960000001,4
228,107767.37960000001,4
229,107775.99960000001,4
230,107776.323,4
231,107776.55320000002,4
232,107782.32100000001,4
233,107782.58480000003,4
234,107782.7372,4
235,107783.604,4
236,107783.6482,4
237,107788.9314,4
238,107788.9314,4
239,107791.14460000001,4
240,107791.2748,4
241,107795.354,4
242,107795.45980000001,4
243,107795.94000000002,4
244,107796.51959999999,4
245,107796.64719999999,4
246,107796.6966,4
247,107796.73800000001,4
248,107796.73800000001,4
249,107796.81799999998,4
250,107797.05099999999,4
251,107797.11439999999,4
252,107797.2812,4
253,107797.5552,4
254,107797.8002,4
255,107797.886,4
256,107798.02399999999,4
257,107798.31039999999,4
258,107798.423,4
259,107798.4436,4
260,107798.4436,4
261,107798.4436,4
262,107798.4436,4
263,107798.4436,4
264,107798.734,4
265,107799.1976,4
266,107799.2238,4
267,107799.2238,4
268,107799.45439999999,4
269,107799.47099999999,4
270,107799.8174,4
271,107800.3956,4
272,107800.5516,4
273,107800.5628,4
274,107800.65919999998,4
275,107800.67999999998,4
276,107800.67999999998,4
277,107800.76679999998,4
278,107800.9046,4
279,107800.90819999999,4
280,107801.02679999998,4
281,107801.02679999998,4
282,107801.0486,4
283,107801.21379999998,4
284,107802.96479999999,4
285,107803.3484,4
286,107804.9328,4
287,107805.0542,4
288,107805.0542,4
289,107805.0542,4
290,107805.1482,4
291,107805.20620000002,4
292,107805.383,4
293,107805.79019999999,4
294,107805.841,4
295,107805.852,4
296,107805.852,4
297,107805.9232,4
298,107805.9232,4
299,107805.9232,4
300,107805.9962,4
301,107806.04699999999,4
302,107806.3726,4
303,107806.3726,4
304,107806.3726,4
305,107806.48879999999,4
306,107806.4958,4
307,107806.5898,4
308,107806.72619999999,4
309,107806.8276,4
310,107806.89300000001,4
311,107807.0926,4
312,107807.0926,4
313,107807.0926,4
314,107807.2236,4
315,107807.2664,4
316,107807.2664,4
317,107807.41659999998,4
318,107807.41659999998,4
319,107807.41659999998,4
320,107807.41659999998,4
321,107807.41659999998,4
322,107807.44239999999,4
323,107807.44239999999,4
324,107807.44239999999,4
325,107807.4852,4
326,107807.4852,4
327,107807.4852,4
328,107807.4852,4
329,107807.4852,4
330,107807.4852,4
331,107807.655,4
332,107807.78459999998,4
333,107807.95899999999,4
334,107807.96879999999,4
335,107807.98579999998,4
336,107807.98579999998,4
337,107808.3968,4
338,107808.3976,4
339,107814.3912,4
340,107814.3912,4
341,107814.3912,4
342,107814.5504,4
343,107814.5504,4
344,107815.071,4
345,107815.29359999999,4
346,107815.29359999999,4
347,107815.36899999999,4
348,107815.53199999999,4
349,107815.53199999999,4
350,107815.53199999999,4
351,107815.53199999999,4
352,107815.53199999999,4
353,107815.53199999999,4
354,107815.73640000001,4
355,107815.8518,4
356,107815.85360000002,4
357,107815.8984,4
358,107816.21040000001,4
359,107816.2116,4
360,107816.3618,4
361,107816.3618,4
362,107816.3618,4
363,107816.3618,4
364,107816.3618,4
365,107816.3618,4
366,107816.3876,4
367,107816.3876,4
368,107816.502,4
369,107816.502,4
370,107816.502,4
371,107816.502,4
372,107816.58679999999,4
373,107816.63140000001,4
374,107816.63140000001,4
375,107816.6588,4
376,107816.6588,4
377,107822.5448,4
378,107822.5882,4
379,107822.69380000001,4
380,107822.7108,4
381,107822.79759999999,4
382,107822.83439999999,4
383,107822.9202,4
384,107822.93719999999,4
385,107822.93719999999,4
386,107822.97799999999,4
387,107822.97799999999,4
388,107823.1304,4
389,107823.1304,4
390,107823.13879999999,4
391,107828.20999999998,4
392,107828.20999999998,4
393,107828.41179999997,4
394,107828.77739999998,4
395,107829.5554,4
396,107829.6022,4
397,107829.87779999999,4
398,107830.022,4
399,107830.022,4
400,107830.022,4
401,107830.20479999999,4
402,107830.20479999999,4
403,107837.03459999997,4
404,107837.03459999997,4
405,107837.16219999999,4
406,107837.16219999999,4
407,107837.16219999999,4
408,107837.30679999999,4
409,107837.36559999999,4
410,107837.5386,4
411,107837.61979999999,4
412,107837.61979999999,4
413,107837.61979999999,4
414,107838.02679999999,4
415,107838.03199999999,4
416,107838.03199999999,4
417,107838.03199999999,4
418,107838.12959999999,4
419,107838.12959999999,4
420,107838.12959999999,4
421,107838.12959999999,4
422,107838.12959999999,4
423,107838.12959999999,4
424,107838.12959999999,4
425,107838.12959999999,4
426,107838.12959999999,4
427,107838.12959999999,4
428,107838.12959999999,4
429,107838.12959999999,4
430,107838.1872,4
431,107838.1872,4
432,107838.1872,4
433,107838.1872,4
434,107838.2682,4
435,107838.2682,4
436,107838.2682,4
437,107838.38699999999,4
438,107838.38699999999,4
439,107838.5034,4
440,107838.5034,4
441,107838.7168,4
442,107838.7168,4
443,107838.7876,4
444,107838.8308,4
445,107838.8308,4
446,107838.8308,4
447,107838.8308,4
448,107838.8308,4
449,107838.92599999999,4
450,107838.92599999999,4
451,107838.92599999999,4
452,107838.92599999999,4
453,107838.92599999999,4
454,107842.9174,4
455,107842.9174,4
456,107847.43400000001,4
457,107847.6218,4
458,107847.80960000001,4
459,107848.9596,4
460,107849.2028,4
461,107849.341,4
462,107849.52880000001,4
463,107849.66120000002,4
464,107849.82740000001,4
465,107850.14620000002,4
466,107850.14620000002,4
467,107850.39160000002,4
468,107850.44700000001,4
469,107850.57940000002,4
470,107850.63480000003,4
471,107850.68360000002,4
472,107850.68360000002,4
473,107850.68360000002,4
474,107850.74160000002,4
475,107850.74160000002,4
476,107850.76400000002,4
477,107850.78640000001,4
478,107850.80700000002,4
479,107850.80700000002,4
480,107850.80700000002,4
481,107850.80700000002,4
482,107850.81260000002,4
483,107850.8564,4
484,107850.8564,4
485,107850.8564,4
486,107850.8564,4
487,107850.8564,4
488,107850.8564,4
489,107850.8564,4
490,107850.93080000002,4
491,107851.23260000002,4
492,107851.23260000002,4
493,107851.23260000002,4
494,107851.28600000002,4
495,107851.28600000002,4
496,107851.52340000002,4
497,107851.67080000002,4
498,107851.67080000002,4
499,107851.81820000001,4
500,107851.81820000001,4
501,107851.81820000001,4
502,107851.81820000001,4
503,107851.81820000001,4
504,107851.81820000001,4
505,107851.86920000002,4
506,107851.86920000002,4
507,107851.86920000002,4
508,107851.91740000002,4
509,107851.99360000003,4
510,107851.99360000003,4
511,107851.99360000003,4
512,107851.99360000003,4
513,107851.99360000003,4
514,107851.99360000003,4
515,107851.99360000003,4
516,107851.99360000003,4
517,107851.99360000003,4
518,107851.99360000003,4
519,107851.99360000003,4
520,107852.09560000004,4
521,107852.09560000004,4
522,107852.09560000004,4
523,107852.41520000003,4
524,107852.54040000003,4
525,107852.54920000002,4
526,107852.54920000002,4
527,107852.54920000002,4
528,107852.65060000002,4
529,107852.65060000002,4
530,107852.65060000002,4
531,107852.65060000002,4
532,107852.66860000002,4
533,107852.66860000002,4
534,107852.90280000003,4
535,107852.90280000003,4
536,107852.90280000003,4
537,107852.90280000003,4
538,107852.90280000003,4
539,107853.00180000001,4
540,107853.00300000003,4
541,107853.00300000003,4
542,107853.00300000003,4
543,107853.03860000003,4
544,107853.03860000003,4
545,107853.03860000003,4
546,107853.07180000003,4
547,107853.08080000003,4
548,107853.13980000002,4
549,107853.13980000002,4
550,107853.13980000002,4
551,107853.16640000003,4
552,107853.16640000003,4
553,107853.16640000003,4
554,107853.16640000003,4
555,107853.16640000003,4
556,107853.16640000003,4
557,107853.16640000003,4
558,107853.16640000003,4
559,107853.16640000003,4
560,107853.16640000003,4
561,107853.16640000003,4
562,107853.16640000003,4
563,107853.16640000003,4
564,107853.23360000004,4
565,107853.23360000004,4
566,107853.23360000004,4
567,107853.39880000002,4
568,107853.39880000002,4
569,107853.39880000002,4
570,107853.39880000002,4
571,107853.51280000003,4
572,107853.51280000003,4
573,107853.51280000003,4
574,107853.51280000003,4
575,107853.51280000003,4
576,107853.65440000003,4
577,107853.65440000003,4
578,107853.65440000003,4
579,107853.65440000003,4
580,107853.65440000003,4
581,107853.65440000003,4
582,107853.65440000003,4
583,107853.67160000005,4
584,107853.67160000005,4
585,107854.05520000003,4
586,107854.05520000003,4
587,107854.15140000005,4
588,107854.15140000005,4
589,107854.15140000005,4
590,107854.15140000005,4
591,107854.15140000005,4
592,107854.15140000005,4
593,107854.15140000005,4
594,107854.15140000005,4
595,107854.15140000005,4
596,107854.19100000004,4
597,107854.19100000004,4
598,107854.19100000004,4
599,107854.19780000002,4
600,107854.19780000002,4
601,107854.20460000004,4
602,107854.20460000004,4
603,107854.20460000004,4
604,107854.21140000004,4
605,107854.21140000004,4
606,107854.21820000005,4
607,107854.21820000005,4
608,107854.21820000005,4
609,107854.21820000005,4
610,107854.22500000003,4
611,107854.22500000003,4
612,107854.22500000003,4
613,107854.22500000003,4
614,107854.22500000003,4
615,107854.22500000003,4
616,107854.22500000003,4
617,107854.22500000003,4
618,107854.22500000003,4
619,107854.22500000003,4
620,107854.41060000005,4
621,107854.41060000005,4
622,107854.41060000005,4
623,107854.41060000005,4
624,107854.41060000005,4
625,107854.56660000003,4
626,107854.56660000003,4
627,107854.56660000003,4
628,107854.56660000003,4
629,107854.56660000003,4
630,107854.56660000003,4
631,107854.56660000003,4
632,107854.56660000003,4
633,107854.57240000003,4
634,107854.57240000003,4
635,107854.57240000003,4
636,107854.57240000003,4
637,107854.57240000003,4
638,107854.61160000003,4
639,107854.97280000003,4
640,107854.97280000003,4
641,107854.97280000003,4
642,107854.97280000003,4
643,107855.10720000003,4
644,107855.10720000003,4
645,107855.10720000003,4
646,107855.10720000003,4
647,107855.24880000003,4
648,107855.25400000002,4
649,107855.29320000001,4
650,107855.29320000001,4
651,107855.29320000001,4
652,107855.29320000001,4
653,107855.29320000001,4
654,107855.29320000001,4
655,107855.29320000001,4
656,107855.29320000001,4
657,107855.29320000001,4
658,107855.29320000001,4
659,107855.29320000001,4
660,107855.29320000001,4
661,107855.29320000001,4
662,107855.29320000001,4
663,107855.29500000001,4
664,107855.29500000001,4
665,107855.29500000001,4
666,107855.29500000001,4
667,107855.29500000001,4
668,107855.29500000001,4
669,107855.29500000001,4
670,107855.29500000001,4
671,107855.29500000001,4
672,107855.29500000001,4
673,107855.29500000001,4
674,107855.29500000001,4
675,107855.29500000001,4
676,107855.29500000001,4
677,107855.29500000001,4
678,107855.29500000001,4
679,107855.29500000001,4
680,107855.29500000001,4
681,107855.29500000001,4
682,107855.29500000001,4
683,107855.29500000001,4
684,107855.56580000003,4
685,107855.56580000003,4
686,107855.56580000003,4
687,107855.56580000003,4
688,107855.56580000003,4
689,107855.56580000003,4
690,107855.56580000003,4
691,107855.56580000003,4
692,107855.56580000003,4
693,107855.56580000003,4
694,107855.56580000003,4
695,107855.89840000002,4
696,107855.89840000002,4
697,107855.89840000002,4
698,107855.89840000002,4
699,107855.89840000002,4
700,107855.89840000002,4
1,9412.300799999999,5
2,10469.965199999999,5
3,11830.155799999999,5
4,14000.676800000001,5
5,16251.607799999989,5
6,18754.498999999996,5
7,21886.38720000001,5
8,25185.673200000005,5
9,28218.0694,5
10,31772.604600000006,5
11,36437.29999999999,5
12,40129.32199999999,5
13,45438.4838,5
14,49681.3384,5
15,54552.1084,5
16,60987.4916,5
17,67597.57060000002,5
18,72691.53880000001,5
19,78377.97120000001,5
20,83954.5878,5
21,89033.44240000001,5
22,94363.06039999999,5
23,98664.51419999998,5
24,102072.495,5
25,103856.5854,5
26,104801.74539999999,5
27,105675.12759999998,5
28,106017.7104,5
29,106427.07400000002,5
30,106711.58139999998,5
31,106891.53880000001,5
32,107032.23939999999,5
33,107098.4334,5
34,107166.1544,5
35,107205.28580000001,5
36,107274.29540000003,5
37,107300.19840000004,5
38,107346.94380000005,5
39,107370.89200000005,5
40,107396.27940000001,5
41,107412.46260000001,5
42,107414.0574,5
43,107427.0566,5
44,107437.56300000001,5
45,107469.11440000002,5
46,107486.26980000001,5
47,107491.69580000002,5
48,107513.01580000002,5
49,107552.20680000001,5
50,107574.66180000003,5
51,107577.80240000004,5
52,107597.86600000004,5
53,107609.55040000002,5
54,107616.84160000001,5
55,107624.49500000002,5
56,107637.95180000001,5
57,107654.7372,5
58,107658.3362,5
59,107680.6876,5
60,107712.80960000001,5
61,107714.76059999998,5
62,107718.7318,5
63,107719.3692,5
64,107722.39619999999,5
65,107725.99420000002,5
66,107735.23040000001,5
67,107780.86100000002,5
68,107787.82260000001,5
69,107801.80780000001,5
70,107814.45680000001,5
71,107830.8082,5
72,107832.70420000002,5
73,107837.6996,5
74,107854.98619999998,5
75,107855.15699999999,5
76,107880.52859999999,5
77,107891.85579999998,5
78,107893.8786,5
79,107897.64919999999,5
80,107908.3158,5
81,107912.23019999998,5
82,107917.1244,5
83,107918.7126,5
84,107945.62679999998,5
85,107947.36879999997,5
86,107955.8126,5
87,107962.65179999999,5
88,107971.33479999998,5
89,107972.64979999998,5
90,107976.83,5
91,107977.7726,5
92,107989.57439999995,5
93,108003.86199999998,5
94,108009.03999999996,5
95,108014.15519999998,5
96,108020.05319999997,5
97,108028.54279999995,5
98,108043.19919999996,5
99,108062.74459999998,5
100,108068.58799999997,5
101,108070.71419999999,5
102,108086.02719999998,5
103,108091.1478,5
104,108092.06780000002,5
105,108102.15100000001,5
106,108109.72980000003,5
107,108137.67720000002,5
108,108140.429,5
109,108146.8682,5
110,108149.5522,5
111,108176.1634,5
112,108180.87920000002,5
113,108186.80720000001,5
114,108201.79800000001,5
115,108206.2746,5
116,108214.2496,5
117,108223.19999999998,5
118,108226.46579999998,5
119,108236.8892,5
120,108237.3216,5
121,108241.38859999998,5
122,108244.08159999998,5
123,108250.5928,5
124,108274.0294,5
125,108275.06539999999,5
126,108281.4758,5
127,108284.87799999998,5
128,108288.6684,5
129,108295.731,5
130,108295.75659999998,5
131,108300.406,5
132,108305.64540000001,5
133,108310.38160000001,5
134,108318.40479999999,5
135,108318.40479999999,5
136,108318.7642,5
137,108330.3584,5
138,108344.5716,5
139,108345.90980000001,5
140,108347.08660000002,5
141,108358.365,5
142,108365.40939999999,5
143,108368.4386,5
144,108368.4386,5
145,108376.58899999998,5
146,108379.10199999997,5
147,108390.602,5
148,108390.8224,5
149,108405.4046,5
150,108413.86319999998,5
151,108421.64699999997,5
152,108429.20999999998,5
153,108430.80459999997,5
154,108433.96259999998,5
155,108439.66979999997,5
156,108442.74559999997,5
157,108447.49319999997,5
158,108453.68139999997,5
159,108461.48239999996,5
160,108461.98179999997,5
161,108468.67779999998,5
162,108473.43559999997,5
163,108475.85719999998,5
164,108485.12599999997,5
165,108485.12599999997,5
166,108505.48899999999,5
167,108511.31579999998,5
168,108520.44799999999,5
169,108523.188,5
170,108531.25439999998,5
171,108540.97799999999,5
172,108542.98539999998,5
173,108555.17639999998,5
174,108572.38719999998,5
175,108573.04699999998,5
176,108575.03859999996,5
177,108583.74699999996,5
178,108583.74699999996,5
179,108584.54899999994,5
180,108586.58039999995,5
181,108594.73319999996,5
182,108597.70779999997,5
183,108600.17519999998,5
184,108600.17519999998,5
185,108602.12799999997,5
186,108607.43859999998,5
187,108614.72219999997,5
188,108614.72219999997,5
189,108614.94819999998,5
190,108620.34799999997,5
191,108623.81699999998,5
192,108625.71099999998,5
193,108629.8808,5
194,108631.4816,5
195,108639.4604,5
196,108659.171,5
197,108668.1846,5
198,108668.9408,5
199,108675.19039999999,5
200,108688.481,5
201,108691.48139999999,5
202,108693.0576,5
203,108701.4924,5
204,108706.4034,5
205,108709.2582,5
206,108712.15759999999,5
207,108712.15759999999,5
208,108716.3956,5
209,108727.2258,5
210,108731.4908,5
211,108739.29879999999,5
212,108741.84460000001,5
213,108749.39440000002,5
214,108760.0016,5
215,108768.9814,5
216,108770.0218,5
217,108772.99879999999,5
218,108774.48479999999,5
219,108780.21319999998,5
220,108783.60479999999,5
221,108786.30699999997,5
222,108798.48819999998,5
223,108812.54099999998,5
224,108826.62499999999,5
225,108830.04319999999,5
226,108835.76739999998,5
227,108840.00959999998,5
228,108842.00419999998,5
229,108847.33459999999,5
230,108850.52499999998,5
231,108868.97839999999,5
232,108872.15959999998,5
233,108872.6954,5
234,108881.9528,5
235,108885.48659999999,5
236,108892.20619999997,5
237,108898.37399999997,5
238,108902.07359999996,5
239,108902.66759999996,5
240,108903.90919999997,5
241,108903.96019999996,5
242,108904.79659999996,5
243,108906.50079999997,5
244,108909.75559999997,5
245,108913.48719999997,5
246,108914.68819999999,5
247,108915.55539999997,5
248,108918.65939999999,5
249,108918.8744,5
250,108919.96199999997,5
251,108927.63399999999,5
252,108929.92820000001,5
253,108932.2178,5
254,108938.55699999999,5
255,108941.04979999996,5
256,108945.28339999999,5
257,108948.38799999999,5
258,108951.62599999997,5
259,108955.78619999997,5
260,108960.18099999998,5
261,108965.85559999998,5
262,108966.92899999999,5
263,108970.13939999997,5
264,108973.22479999997,5
265,108978.77499999998,5
266,108981.89539999998,5
267,108982.79539999999,5
268,108993.79019999999,5
269,108997.11999999998,5
270,109000.41659999998,5
271,109001.51159999998,5
272,109004.71459999999,5
273,109016.95279999997,5
274,109016.95279999997,5
275,109024.59019999998,5
276,109027.46939999997,5
277,109036.81519999998,5
278,109036.89419999998,5
279,109036.89419999998,5
280,109038.26879999998,5
281,109048.07859999998,5
282,109048.60299999997,5
283,109049.66659999997,5
284,109049.98979999995,5
285,109051.74399999996,5
286,109059.04879999998,5
287,109064.90899999994,5
288,109071.41559999996,5
289,109072.04599999997,5
290,109073.39179999998,5
291,109079.84799999998,5
292,109085.29500000001,5
293,109085.39720000002,5
294,109087.67980000003,5
295,109093.12000000002,5
296,109095.17080000002,5
297,109102.08820000003,5
298,109103.72920000003,5
299,109103.72920000003,5
300,109110.38520000003,5
301,109110.38520000003,5
302,109113.64120000003,5
303,109115.76940000003,5
304,109115.76940000003,5
305,109116.01860000001,5
306,109116.89040000003,5
307,109118.9594,5
308,109119.3998,5
309,109122.5394,5
310,109122.8578,5
311,109122.8578,5
312,109125.5518,5
313,109125.9924,5
314,109125.9924,5
315,109131.4664,5
316,109137.00540000001,5
317,109137.00540000001,5
318,109138.9762,5
319,109139.74900000003,5
320,109148.3488,5
321,109149.4024,5
322,109154.8062,5
323,109157.91220000002,5
324,109162.84160000004,5
325,109163.30360000003,5
326,109165.73000000003,5
327,109165.73000000003,5
328,109165.73000000003,5
329,109168.00800000003,5
330,109169.5414,5
331,109169.59780000002,5
332,109172.7782,5
333,109174.68780000001,5
334,109182.51120000001,5
335,109182.51120000001,5
336,109182.9874,5
337,109188.1998,5
338,109188.68380000001,5
339,109189.2204,5
340,109191.30180000002,5
341,109193.25280000002,5
342,109200.0154,5
343,109202.40779999999,5
344,109202.6068,5
345,109203.7318,5
346,109203.7318,5
347,109203.87219999998,5
348,109206.87019999999,5
349,109206.9634,5
350,109207.5034,5
351,109208.5192,5
352,109208.5192,5
353,109214.1882,5
354,109214.5392,5
355,109214.60040000001,5
356,109217.12240000002,5
357,109217.12240000002,5
358,109217.79060000002,5
359,109219.24020000001,5
360,109221.153,5
361,109228.43920000002,5
362,109231.72000000002,5
363,109236.43540000003,5
364,109236.43540000003,5
365,109236.61300000003,5
366,109236.77860000003,5
367,109236.77860000003,5
368,109237.84500000003,5
369,109250.53460000003,5
370,109250.53460000003,5
371,109250.62040000003,5
372,109258.32180000003,5
373,109258.78740000002,5
374,109258.88100000001,5
375,109259.37280000001,5
376,109259.47280000002,5
377,109268.49680000004,5
378,109268.49680000004,5
379,109268.64100000002,5
380,109268.7878,5
381,109268.7878,5
382,109270.01460000005,5
383,109271.0614,5
384,109271.0614,5
385,109273.01080000002,5
386,109273.12100000001,5
387,109273.38860000003,5
388,109274.20020000004,5
389,109274.20020000004,5
390,109274.81920000001,5
391,109274.81920000001,5
392,109276.66200000001,5
393,109276.8736,5
394,109277.43400000002,5
395,109277.84760000002,5
396,109277.84760000002,5
397,109278.28360000002,5
398,109278.37820000002,5
399,109278.37820000002,5
400,109278.73000000003,5
401,109279.45280000001,5
402,109279.45280000001,5
403,109279.45280000001,5
404,109279.45280000001,5
405,109280.90200000003,5
406,109281.96440000003,5
407,109281.96440000003,5
408,109282.01380000003,5
409,109282.3754,5
410,109282.3754,5
411,109282.6086,5
412,109284.02920000002,5
413,109284.03620000002,5
414,109284.14320000002,5
415,109286.03340000001,5
416,109286.03340000001,5
417,109286.64880000001,5
418,109286.66260000001,5
419,109287.32980000002,5
420,109287.49340000002,5
421,109288.4856,5
422,109289.1406,5
423,109289.2832,5
424,109289.41120000002,5
425,109289.597,5
426,109292.466,5
427,109292.7842,5
428,109293.16560000001,5
429,109293.16560000001,5
430,109293.3562,5
431,109293.3562,5
432,109293.442,5
433,109293.80059999999,5
434,109293.80579999999,5
435,109295.69479999998,5
436,109296.2386,5
437,109296.4606,5
438,109302.49899999998,5
439,109302.7664,5
440,109302.93079999999,5
441,109302.93079999999,5
442,109306.36899999999,5
443,109306.36899999999,5
444,109306.42439999999,5
445,109306.686,5
446,109308.19239999999,5
447,109308.35439999998,5
448,109308.37439999997,5
449,109308.39059999998,5
450,109308.5478,5
451,109308.5478,5
452,109308.7016,5
453,109308.7016,5
454,109308.7016,5
455,109308.7666,5
456,109308.96299999999,5
457,109308.99,5
458,109309.33459999999,5
459,109311.04200000002,5
460,109311.04200000002,5
461,109311.43080000002,5
462,109311.51019999999,5
463,109311.51019999999,5
464,109311.8436,5
465,109311.8436,5
466,109312.0388,5
467,109312.7022,5
468,109312.7224,5
469,109312.7224,5
470,109317.9194,5
471,109318.5392,5
472,109318.68280000001,5
473,109318.69600000001,5
474,109318.74900000003,5
475,109318.99560000002,5
476,109319.16940000003,5
477,109319.16940000003,5
478,109319.16940000003,5
479,109319.16940000003,5
480,109319.77140000003,5
481,109319.81640000003,5
482,109320.19840000002,5
483,109320.86680000002,5
484,109320.86680000002,5
485,109320.86680000002,5
486,109324.40380000003,5
487,109324.63520000002,5
488,109325.10180000002,5
489,109326.18580000002,5
490,109326.18580000002,5
491,109326.18580000002,5
492,109326.38180000003,5
493,109326.80200000003,5
494,109329.06980000003,5
495,109329.06980000003,5
496,109330.87680000003,5
497,109330.98100000001,5
498,109330.98100000001,5
499,109331.06380000003,5
500,109331.06380000003,5
501,109331.06380000003,5
502,109331.06380000003,5
503,109331.63140000003,5
504,109332.13760000003,5
505,109332.73380000003,5
506,109332.75360000001,5
507,109332.87840000002,5
508,109332.87840000002,5
509,109332.98040000003,5
510,109334.37240000002,5
511,109334.40260000002,5
512,109334.55020000003,5
513,109334.55780000002,5
514,109334.75140000002,5
515,109334.75140000002,5
516,109334.9128,5
517,109334.9128,5
518,109338.0984,5
519,109338.60560000001,5
520,109338.60560000001,5
521,109338.6452,5
522,109338.81820000001,5
523,109339.0826,5
524,109339.22840000002,5
525,109339.22840000002,5
526,109339.22840000002,5
527,109339.2624,5
528,109339.2624,5
529,109339.45000000001,5
530,109339.45000000001,5
531,109340.9372,5
532,109340.998,5
533,109340.998,5
534,109341.8056,5
535,109342.14140000001,5
536,109342.65040000003,5
537,109342.65040000003,5
538,109343.24500000002,5
539,109343.24500000002,5
540,109352.14720000002,5
541,109352.34840000003,5
542,109352.47320000004,5
543,109352.65700000005,5
544,109352.75080000004,5
545,109352.75080000004,5
546,109356.84280000003,5
547,109356.88280000004,5
548,109357.03000000004,5
549,109357.03000000004,5
550,109357.09600000005,5
551,109357.18140000004,5
552,109357.23820000007,5
553,109359.00940000005,5
554,109359.33400000006,5
555,109359.36140000004,5
556,109359.86960000005,5
557,109359.86960000005,5
558,109363.59380000006,5
559,109364.08640000006,5
560,109364.30780000005,5
561,109364.67700000007,5
562,109364.70320000006,5
563,109364.86680000005,5
564,109365.66480000004,5
565,109365.66480000004,5
566,109365.72400000005,5
567,109366.25220000005,5
568,109366.41440000004,5
569,109367.13340000004,5
570,109369.26060000002,5
571,109371.43420000002,5
572,109371.43420000002,5
573,109371.49700000003,5
574,109371.49700000003,5
575,109371.498,5
576,109371.73980000002,5
577,109373.85780000001,5
578,109373.85780000001,5
579,109373.85780000001,5
580,109381.92540000002,5
581,109382.35500000003,5
582,109382.46200000003,5
583,109383.04720000003,5
584,109383.27940000001,5
585,109383.558,5
586,109383.83880000001,5
587,109383.87240000002,5
588,109383.8828,5
589,109383.98620000001,5
590,109385.44000000002,5
591,109386.28200000004,5
592,109386.28200000004,5
593,109386.28200000004,5
594,109386.41640000003,5
595,109386.72920000003,5
596,109386.72920000003,5
597,109387.13560000002,5
598,109388.03680000002,5
599,109388.03680000002,5
600,109388.64060000003,5
601,109388.64060000003,5
602,109388.98380000003,5
603,109389.11560000002,5
604,109389.21860000001,5
605,109389.5706,5
606,109389.5706,5
607,109390.07660000001,5
608,109390.07660000001,5
609,109391.18920000002,5
610,109391.18920000002,5
611,109391.89780000004,5
612,109392.15680000001,5
613,109393.21480000002,5
614,109393.22160000002,5
615,109393.45660000002,5
616,109393.45660000002,5
617,109393.56980000003,5
618,109393.77720000001,5
619,109393.88160000001,5
620,109394.3172,5
621,109394.40760000002,5
622,109394.40760000002,5
623,109395.0408,5
624,109395.30320000001,5
625,109395.95040000003,5
626,109400.87000000002,5
627,109401.29440000001,5
628,109401.3678,5
629,109402.15620000001,5
630,109402.15620000001,5
631,109402.87080000002,5
632,109407.23880000002,5
633,109407.24820000005,5
634,109409.08080000003,5
635,109409.08080000003,5
636,109409.14540000002,5
637,109409.55640000003,5
638,109409.55640000003,5
639,109409.71140000003,5
640,109409.71140000003,5
641,109409.78760000001,5
642,109410.46580000002,5
643,109410.46580000002,5
644,109411.22400000002,5
645,109411.31620000002,5
646,109411.50280000002,5
647,109411.6778,5
648,109411.6778,5
649,109412.22120000003,5
650,109412.33220000005,5
651,109412.33220000005,5
652,109412.33220000005,5
653,109412.37980000004,5
654,109412.37980000004,5
655,109413.50780000004,5
656,109413.50780000004,5
657,109413.63560000004,5
658,109413.69320000004,5
659,109413.69320000004,5
660,109413.82600000002,5
661,109413.9146,5
662,109414.1312,5
663,109414.1312,5
664,109414.22240000004,5
665,109414.40080000003,5
666,109414.40080000003,5
667,109414.40080000003,5
668,109414.49220000002,5
669,109415.22100000003,5
670,109415.35760000003,5
671,109415.46520000004,5
672,109415.53260000004,5
673,109415.53260000004,5
674,109415.53320000002,5
675,109415.53320000002,5
676,109415.57600000003,5
677,109415.96980000004,5
678,109416.11520000003,5
679,109417.58780000005,5
680,109417.70560000004,5
681,109418.30500000004,5
682,109418.83700000003,5
683,109421.36760000004,5
684,109421.70940000004,5
685,109421.70940000004,5
686,109422.45280000003,5
687,109425.47520000003,5
688,109425.54360000003,5
689,109427.35680000004,5
690,109427.44180000003,5
691,109427.44180000003,5
692,109427.58100000005,5
693,109427.58100000005,5
694,109430.64460000004,5
695,109430.69260000005,5
696,109430.69260000005,5
697,109430.69260000005,5
698,109430.69260000005,5
699,109430.69260000005,5
700,109431.25740000005,5
1,9370.4754,6
2,13974.463,6
3,21480.342000000008,6
4,30335.360599999996,6
5,41676.435999999994,6
6,53663.08899999996,6
7,66179.0756,6
8,80136.91940000003,6
9,94703.65239999998,6
10,104249.65180000002,6
11,106743.96559999998,6
12,107097.13479999999,6
13,107180.42519999998,6
14,107265.78820000001,6
15,107300.8476,6
16,107338.23800000003,6
17,107379.63680000004,6
18,107412.11900000002,6
19,107428.39620000002,6
20,107440.24760000002,6
21,107462.28400000003,6
22,107479.01780000003,6
23,107490.94640000003,6
24,107500.21720000001,6
25,107509.69180000002,6
26,107511.97940000003,6
27,107520.32140000004,6
28,107522.92920000004,6
29,107526.98640000004,6
30,107532.23920000005,6
31,107534.77260000005,6
32,107538.77720000004,6
33,107540.04520000004,6
34,107545.99480000004,6
35,107551.52020000003,6
36,107562.56920000001,6
37,107568.91140000003,6
38,107579.80820000003,6
39,107584.18320000003,6
40,107596.86640000004,6
41,107604.28040000003,6
42,107610.99260000004,6
43,107616.75480000004,6
44,107621.47880000007,6
45,107624.93360000005,6
46,107630.45060000003,6
47,107631.25400000004,6
48,107633.12940000005,6
49,107634.74480000006,6
50,107639.11380000002,6
51,107649.7536,6
52,107659.3542,6
53,107660.336,6
54,107665.3324,6
55,107669.32719999999,6
56,107669.87339999998,6
57,107671.3916,6
58,107673.49339999998,6
59,107674.22459999999,6
60,107676.87039999997,6
61,107678.65459999997,6
62,107680.22999999998,6
63,107685.92879999997,6
64,107688.90679999998,6
65,107692.99699999999,6
66,107695.00479999997,6
67,107695.13859999998,6
68,107696.37719999999,6
69,107696.50759999998,6
70,107697.00939999998,6
71,107697.36339999997,6
72,107697.76779999999,6
73,107697.80719999998,6
74,107698.28059999998,6
75,107698.28059999998,6
76,107698.35779999997,6
77,107701.6776,6
78,107707.5666,6
79,107707.8642,6
80,107709.86859999999,6
81,107711.1634,6
82,107712.86299999998,6
83,107713.4886,6
84,107713.8698,6
85,107714.19779999998,6
86,107714.5388,6
87,107720.77119999999,6
88,107720.95139999999,6
89,107721.27999999998,6
90,107721.31399999998,6
91,107722.05079999998,6
92,107727.10559999998,6
93,107727.14859999997,6
94,107731.97159999999,6
95,107738.93939999997,6
96,107749.36199999998,6
97,107749.36679999997,6
98,107750.84379999997,6
99,107760.10019999997,6
100,107768.41659999998,6
101,107769.37499999996,6
102,107781.5946,6
103,107783.8632,6
104,107785.75099999999,6
105,107787.3566,6
106,107787.6122,6
107,107788.41519999999,6
108,107788.52899999998,6
109,107789.39619999999,6
110,107789.5384,6
111,107789.57179999999,6
112,107789.8372,6
113,107790.49079999999,6
114,107790.58139999998,6
115,107790.66859999999,6
116,107790.74859999999,6
117,107790.88859999999,6
118,107790.88859999999,6
119,107790.92959999999,6
120,107791.28719999999,6
121,107791.957,6
122,107792.18419999997,6
123,107794.712,6
124,107795.45139999999,6
125,107798.14299999998,6
126,107799.1026,6
127,107799.123,6
128,107799.2254,6
129,107799.6484,6
130,107799.7122,6
131,107799.843,6
132,107800.5128,6
133,107801.24380000001,6
134,107806.33380000001,6
135,107811.32400000001,6
136,107811.38859999999,6
137,107811.43540000002,6
138,107811.442,6
139,107811.5984,6
140,107811.73220000001,6
141,107811.73220000001,6
142,107812.0004,6
143,107813.2982,6
144,107815.91960000001,6
145,107826.16660000003,6
146,107827.4404,6
147,107828.464,6
148,107829.99760000002,6
149,107831.2608,6
150,107837.4228,6
151,107837.98019999999,6
152,107838.2624,6
153,107844.86140000001,6
154,107845.1646,6
155,107845.16699999999,6
156,107845.1732,6
157,107845.505,6
158,107845.60560000001,6
159,107845.72760000001,6
160,107845.93920000002,6
161,107850.6324,6
162,107850.7316,6
163,107850.9156,6
164,107850.9768,6
165,107851.97099999999,6
166,107852.1918,6
167,107852.31819999998,6
168,107852.38159999998,6
169,107852.46919999998,6
170,107852.46919999998,6
171,107852.82899999998,6
172,107852.91419999998,6
173,107852.97099999998,6
174,107852.99939999997,6
175,107853.12219999997,6
176,107853.12219999997,6
177,107853.16839999998,6
178,107853.22139999997,6
179,107854.18779999997,6
180,107854.21079999999,6
181,107856.73859999998,6
182,107871.4634,6
183,107871.47319999998,6
184,107871.608,6
185,107872.94999999998,6
186,107876.65199999999,6
187,107880.675,6
188,107880.6766,6
189,107883.54359999999,6
190,107883.55859999999,6
191,107884.9,6
192,107885.6092,6
193,107885.719,6
194,107889.156,6
195,107896.78940000001,6
196,107897.84599999999,6
197,107897.91,6
198,107898.23500000002,6
199,107898.3548,6
200,107898.49720000001,6
201,107899.54460000001,6
202,107899.54460000001,6
203,107903.8984,6
204,107903.93620000001,6
205,107904.8466,6
206,107920.3084,6
207,107921.51380000002,6
208,107921.64140000001,6
209,107921.82179999999,6
210,107928.1378,6
211,107928.25319999998,6
212,107928.61279999999,6
213,107931.91879999998,6
214,107932.48619999997,6
215,107932.98119999998,6
216,107933.07539999997,6
217,107934.33759999998,6
218,107936.26139999997,6
219,107936.26299999998,6
220,107936.30459999997,6
221,107951.94939999998,6
222,107953.99379999997,6
223,107953.99379999997,6
224,107963.13199999997,6
225,107964.02499999998,6
226,107965.59779999999,6
227,107966.086,6
228,107966.99760000002,6
229,107969.00480000002,6
230,107969.49600000001,6
231,107969.5004,6
232,107969.513,6
233,107975.17600000002,6
234,107983.9866,6
235,107984.4032,6
236,107985.4008,6
237,107987.94619999999,6
238,107988.12779999999,6
239,107989.0892,6
240,107989.3286,6
241,107989.6806,6
242,107989.7342,6
243,107989.7342,6
244,107989.9442,6
245,107990.1418,6
246,107990.1774,6
247,107990.1774,6
248,107990.1774,6
249,107990.1774,6
250,107990.19000000002,6
251,107991.22520000002,6
252,107991.2354,6
253,107991.27320000003,6
254,107993.53000000001,6
255,108001.78460000003,6
256,108001.86980000003,6
257,108001.86980000003,6
258,108007.95620000002,6
259,108008.02180000002,6
260,108008.46600000001,6
261,108008.72420000001,6
262,108008.76200000002,6
263,108008.77540000001,6
264,108008.77540000001,6
265,108008.8714,6
266,108008.8974,6
267,108008.9162,6
268,108008.99960000001,6
269,108008.99960000001,6
270,108009.03460000001,6
271,108009.3662,6
272,108009.36700000001,6
273,108009.38440000001,6
274,108009.4032,6
275,108009.4832,6
276,108009.4832,6
277,108010.2032,6
278,108010.33860000002,6
279,108010.33860000002,6
280,108010.38660000003,6
281,108010.46940000002,6
282,108012.01640000002,6
283,108012.30020000001,6
284,108012.30020000001,6
285,108014.25340000002,6
286,108016.11980000003,6
287,108016.15120000002,6
288,108017.67300000002,6
289,108017.67300000002,6
290,108017.80280000003,6
291,108017.84740000003,6
292,108017.84960000003,6
293,108018.14740000005,6
294,108018.15440000003,6
295,108018.32240000003,6
296,108018.32240000003,6
297,108018.32240000003,6
298,108018.36400000005,6
299,108018.46900000004,6
300,108018.46900000004,6
301,108018.46900000004,6
302,108018.46900000004,6
303,108018.50360000003,6
304,108018.50360000003,6
305,108018.50360000003,6
306,108018.50360000003,6
307,108018.50360000003,6
308,108018.50360000003,6
309,108018.53820000004,6
310,108018.53820000004,6
311,108018.53820000004,6
312,108018.53820000004,6
313,108018.53820000004,6
314,108018.53820000004,6
315,108018.89360000002,6
316,108023.09820000004,6
317,108023.44920000003,6
318,108023.44920000003,6
319,108025.36960000003,6
320,108025.36960000003,6
321,108025.47540000002,6
322,108025.55440000004,6
323,108025.55440000004,6
324,108025.55440000004,6
325,108025.55440000004,6
326,108025.55440000004,6
327,108025.62980000002,6
328,108026.04020000003,6
329,108031.06620000003,6
330,108031.19220000002,6
331,108035.94720000002,6
332,108036.07320000003,6
333,108037.26120000002,6
334,108037.73960000003,6
335,108037.76560000003,6
336,108038.24400000002,6
337,108038.24400000002,6
338,108038.37000000002,6
339,108038.43280000001,6
340,108038.577,6
341,108038.577,6
342,108038.577,6
343,108038.577,6
344,108038.577,6
345,108038.577,6
346,108038.577,6
347,108038.748,6
348,108038.748,6
349,108038.748,6
350,108038.748,6
351,108038.748,6
352,108038.748,6
353,108038.748,6
354,108038.748,6
355,108038.748,6
356,108038.748,6
357,108039.40440000001,6
358,108039.4162,6
359,108039.455,6
360,108051.0758,6
361,108051.0758,6
362,108051.62199999999,6
363,108051.8048,6
364,108051.8048,6
365,108051.8048,6
366,108051.89259999999,6
367,108051.89259999999,6
368,108051.89259999999,6
369,108051.89259999999,6
370,108052.2158,6
371,108052.2158,6
372,108052.2158,6
373,108055.209,6
374,108058.2022,6
375,108058.2022,6
376,108058.5626,6
377,108058.5626,6
378,108058.5626,6
379,108058.65039999998,6
380,108058.65039999998,6
381,108058.65039999998,6
382,108058.65039999998,6
383,108058.65039999998,6
384,108058.65039999998,6
385,108058.65039999998,6
386,108058.77879999999,6
387,108058.77879999999,6
388,108058.77879999999,6
389,108058.77879999999,6
390,108058.77879999999,6
391,108058.77879999999,6
392,108058.77879999999,6
393,108058.77879999999,6
394,108058.77879999999,6
395,108058.77879999999,6
396,108058.77879999999,6
397,108058.77879999999,6
398,108058.77879999999,6
399,108058.9106,6
400,108058.9106,6
401,108062.7668,6
402,108064.8594,6
403,108065.401,6
404,108065.97379999999,6
405,108065.97379999999,6
406,108065.97379999999,6
407,108065.97379999999,6
408,108065.97379999999,6
409,108066.0376,6
410,108066.0376,6
411,108073.95059999998,6
412,108073.9708,6
413,108078.0596,6
414,108078.0596,6
415,108081.4216,6
416,108081.4216,6
417,108081.4216,6
418,108081.4216,6
419,108085.1908,6
420,108085.32960000001,6
421,108088.612,6
422,108090.52459999999,6
423,108092.4846,6
424,108092.5218,6
425,108092.5218,6
426,108092.5218,6
427,108092.5218,6
428,108092.5218,6
429,108092.5218,6
430,108092.5218,6
431,108092.5218,6
432,108092.5218,6
433,108092.5218,6
434,108092.59599999999,6
435,108092.59599999999,6
436,108092.59599999999,6
437,108092.59599999999,6
438,108092.59599999999,6
439,108092.59599999999,6
440,108092.59599999999,6
441,108092.59599999999,6
442,108092.59599999999,6
443,108092.59640000001,6
444,108092.59640000001,6
445,108092.59640000001,6
446,108092.59640000001,6
447,108092.59640000001,6
448,108093.05700000002,6
449,108096.28640000001,6
450,108097.31019999999,6
451,108097.31019999999,6
452,108097.31019999999,6
453,108098.334,6
454,108098.334,6
455,108098.334,6
456,108099.35780000001,6
457,108099.35780000001,6
458,108099.35780000001,6
459,108106.67100000002,6
460,108110.26580000002,6
461,108110.26580000002,6
462,108110.33520000002,6
463,108110.71720000001,6
464,108113.00080000002,6
465,108113.10660000001,6
466,108113.10660000001,6
467,108113.10660000001,6
468,108125.22160000002,6
469,108125.22160000002,6
470,108125.22160000002,6
471,108125.22160000002,6
472,108125.51220000001,6
473,108125.51220000001,6
474,108125.51220000001,6
475,108125.51220000001,6
476,108125.59620000001,6
477,108125.59620000001,6
478,108125.59620000001,6
479,108125.68020000002,6
480,108130.1974,6
481,108131.30520000002,6
482,108131.38920000002,6
483,108131.38920000002,6
484,108132.06060000001,6
485,108132.1032,6
486,108132.1032,6
487,108132.1032,6
488,108132.1032,6
489,108132.1032,6
490,108132.1032,6
491,108132.1032,6
492,108132.1032,6
493,108132.1032,6
494,108132.1032,6
495,108132.1032,6
496,108132.1032,6
497,108132.1032,6
498,108132.1032,6
499,108132.1032,6
500,108132.1032,6
501,108132.31780000002,6
502,108132.31780000002,6
503,108132.3214,6
504,108132.4446,6
505,108132.4446,6
506,108132.4446,6
507,108132.7674,6
508,108132.7674,6
509,108132.7674,6
510,108132.7674,6
511,108132.7674,6
512,108132.7674,6
513,108132.9702,6
514,108132.9702,6
515,108132.9702,6
516,108132.9702,6
517,108133.0242,6
518,108133.0242,6
519,108133.0242,6
520,108133.0242,6
521,108133.0242,6
522,108133.0242,6
523,108133.0242,6
524,108133.0242,6
525,108133.0242,6
526,108133.0242,6
527,108133.0242,6
528,108133.0242,6
529,108133.0242,6
530,108133.0242,6
531,108133.0242,6
532,108133.0242,6
533,108133.0242,6
534,108133.0242,6
535,108133.0242,6
536,108133.0242,6
537,108133.0242,6
538,108133.0242,6
539,108133.0242,6
540,108133.0242,6
541,108133.0242,6
542,108133.0242,6
543,108133.4222,6
544,108133.4222,6
545,108135.024,6
546,108137.9134,6
547,108140.159,6
548,108140.159,6
549,108140.159,6
550,108140.159,6
551,108140.159,6
552,108140.159,6
553,108140.159,6
554,108140.159,6
555,108140.159,6
556,108140.159,6
557,108140.159,6
558,108140.97200000001,6
559,108140.97200000001,6
560,108140.97200000001,6
561,108144.2014,6
562,108144.2014,6
563,108144.2014,6
564,108144.2014,6
565,108144.2014,6
566,108144.2014,6
567,108144.2014,6
568,108144.4118,6
569,108144.4118,6
570,108144.4118,6
571,108145.60800000001,6
572,108145.60800000001,6
573,108149.51380000002,6
574,108149.51380000002,6
575,108149.51380000002,6
576,108149.95060000001,6
577,108149.95060000001,6
578,108149.95060000001,6
579,108150.3874,6
580,108150.68540000002,6
581,108150.963,6
582,108151.26100000001,6
583,108151.26100000001,6
584,108151.86860000002,6
585,108151.86860000002,6
586,108156.43600000002,6
587,108156.86680000002,6
588,108157.59,6
589,108157.892,6
590,108157.892,6
591,108157.892,6
592,108157.892,6
593,108157.892,6
594,108157.892,6
595,108157.892,6
596,108157.892,6
597,108157.892,6
598,108157.892,6
599,108157.892,6
600,108157.892,6
601,108157.892,6
602,108157.892,6
603,108157.892,6
604,108157.892,6
605,108157.892,6
606,108157.892,6
607,108157.892,6
608,108157.892,6
609,108157.892,6
610,108157.892,6
611,108157.892,6
612,108157.892,6
613,108157.892,6
614,108157.892,6
615,108157.892,6
616,108157.892,6
617,108157.892,6
618,108157.892,6
619,108157.892,6
620,108157.892,6
621,108157.892,6
622,108157.892,6
623,108157.892,6
624,108157.892,6
625,108157.892,6
626,108157.892,6
627,108157.892,6
628,108157.892,6
629,108157.892,6
630,108157.892,6
631,108157.90020000002,6
632,108157.90020000002,6
633,108157.90020000002,6
634,108157.90020000002,6
635,108157.90020000002,6
636,108157.90020000002,6
637,108157.90020000002,6
638,108157.90020000002,6
639,108157.90020000002,6
640,108157.90460000001,6
641,108157.90460000001,6
642,108157.90460000001,6
643,108157.90460000001,6
644,108157.90460000001,6
645,108157.909,6
646,108157.909,6
647,108157.909,6
648,108157.909,6
649,108157.909,6
650,108157.909,6
651,108157.909,6
652,108157.909,6
653,108157.909,6
654,108157.909,6
655,108157.909,6
656,108157.909,6
657,108157.909,6
658,108157.909,6
659,108157.909,6
660,108159.90620000001,6
661,108159.90620000001,6
662,108159.93360000002,6
663,108162.8224,6
664,108163.07400000001,6
665,108163.651,6
666,108163.651,6
667,108163.94140000001,6
668,108164.228,6
669,108164.228,6
670,108164.228,6
671,108164.228,6
672,108164.228,6
673,108164.228,6
674,108164.228,6
675,108164.228,6
676,108164.228,6
677,108164.228,6
678,108164.228,6
679,108164.228,6
680,108164.228,6
681,108164.3022,6
682,108164.3022,6
683,108164.3022,6
684,108164.3022,6
685,108164.3022,6
686,108164.3022,6
687,108164.3022,6
688,108164.3022,6
689,108164.3022,6
690,108164.3022,6
691,108164.3022,6
692,108164.3022,6
693,108164.3022,6
694,108164.3022,6
695,108164.3022,6
696,108164.5306,6
697,108164.5306,6
698,108164.5306,6
699,108164.5306,6
700,108164.5306,6
