symbol,PerformanceBefore,PerformancePredicted
CVX,103.07,105.95
C,71.24,69.16
BAC,40.53,41.19
T,31.41,32.01
CAT,228.11,236.02
INTC,57.53,57.83
MSFT,252.18,256.0
AA,36.64,36.74
F,11.54,11.49
EBAY,55.79,55.04
DELL,98.33,102.33
DIS,186.02,184.26
DOW,62.5,65.1
CSCO,50.91,54.8
DE,370.85,364.08
FDX,290.31,282.17
GIS,60.86,62.68
GLW,44.21,44.27
GT,17.21,17.62
GS,348.45,355.47
JPM,153.81,157.67
KMB,133.32,130.69
KHC,41.29,42.94
KO,53.98,53.91
MCD,236.08,237.33
LLY,182.77,186.77
ORCL,75.79,78.04
MRK,74.5,72.92
MSI,188.3,190.48
MMM,197.14,201.11
ODP,40.43,43.37
VRTX,218.2,206.25
MNST,97.05,96.99
TEVA,10.7,11.22
FITB,40.54,40.78
SHLDQ,0.27,0.1
CTAS,345.14,345.72
ADSK,291.91,279.33
DISH,44.79,47.48
GILD,63.47,65.72
LIFE,4.05,3.36
GOOGL,2353.5,2433.65
FISV,120.12,120.26
LBTYA,26.9,25.84
ADBE,508.34,496.08
BB,8.83,6.74
QCOM,138.8,130.52
BIDU,210.33,223.61
SOHU,18.87,17.53
DISCA,37.66,40.29
RBBN,6.75,6.74
AMAT,132.71,130.36
STLD,54.22,53.29
CDNS,131.77,127.55
BBBY,25.32,27.64
MCHP,150.29,146.5
WYNN,128.4,127.99
ISRG,865.0,874.4
NDAQ,161.54,164.21
RYAAY,116.85,112.75
INFY,18.08,18.08
JBLU,20.36,20.62
SPAR,35.42,35.43
HSIC,72.5,74.66
PAYX,97.49,98.52
VRSN,218.77,230.22
AAPL,131.46,125.27
FAST,52.28,52.99
XRAY,67.51,66.32
CROX,100.12,95.29
ZION,55.8,56.2
NTRS,113.8,115.99
CTXS,123.85,128.54
LAMR,99.04,100.9
PTEN,6.76,6.88
ATLC,31.26,30.83
CHRW,97.08,96.89
SIRI,6.1,6.09
ALPN,13.27,11.05
PCAR,89.88,91.7
PAAS,31.82,30.06
AMZN,3467.42,3312.5
ROST,130.94,135.37
VIAV,16.36,15.54
NTES,112.06,116.91
NTAP,74.69,76.21
GRMN,137.24,138.64
COST,372.09,370.04
CHKP,116.81,112.75
LRCX,620.45,607.89
CIEN,50.47,44.83
IAC,253.47,257.7
INTU,412.16,418.59
EXPE,176.23,188.17
TCOM,39.08,37.76
UTSI,1.39,0.97
CTSH,80.4,80.29
RMBS,18.98,19.25
YRCW,9.17,10.62
AKAM,108.7,110.72
KLAC,315.35,329.02
JNPR,25.39,24.55
ATVI,91.19,89.77
FLEX,17.4,15.71
AMGN,239.64,242.11
XLNX,127.96,123.28
EXPD,109.86,111.87
EA,142.08,140.65
PDCO,32.14,31.7
TROW,179.2,181.66
BIIB,267.33,263.97
QRTEA,11.9,11.05
SCHW,70.4,71.26
HBAN,15.32,16.04
NLOK,21.61,21.81
NVDA,600.38,601.08
SRCL,76.28,77.0
SBUX,114.49,114.3
CINF,112.68,116.34
EXTR,11.38,12.3
AAXN,151.61,145.44
HOLX,65.55,60.37
CMCSA,56.15,57.75
CPST,8.06,6.08
MRVL,45.21,42.85
BLDP,21.87,23.09
SIFY,2.8,2.86
IBGR,0.05,0.03
MDT,130.92,133.97
DOV,149.19,150.25
ASH,86.21,87.52
NOC,354.44,351.8
MGM,40.72,42.3
VNO,45.75,48.04
MA,382.06,380.26
AN,102.48,106.52
FLR,22.98,23.07
GD,190.23,198.91
DTE,140.02,143.13
ADI,153.16,150.22
VFC,87.66,86.9
CAH,60.34,62.45
XEL,71.3,71.18
DHI,98.29,109.38
IPG,31.75,32.72
LMT,380.56,381.98
WAT,299.87,313.73
ACN,289.97,293.95
D,79.9,80.86
XOM,57.24,59.5
CI,249.01,261.78
PJC,115.99,119.23
KGC,7.04,6.89
PEG,63.16,63.16
NI,26.02,26.91
ZBH,177.16,179.78
CSX,100.75,100.11
ICE,117.71,117.29
LUV,62.78,66.31
ITW,230.46,236.6
DRI,146.72,143.54
MAT,21.46,21.33
BBT,59.31,61.22
CCJ,16.81,15.8
HAL,19.56,19.56
PLD,116.53,115.41
MKC,90.36,86.96
GPS,33.1,35.54
TEX,46.99,49.48
HST,18.16,18.57
EL,313.8,309.43
IP,58.0,59.48
EMR,90.49,90.4
CLX,182.5,178.51
COP,51.14,51.0
CL,80.7,80.88
PNW,84.65,85.57
RF,21.8,22.26
CNP,24.49,24.84
MET,63.63,67.48
EXC,44.94,45.54
BAX,85.69,87.29
OXY,25.36,26.79
SO,66.17,66.85
TPR,47.85,48.66
LEN,103.6,108.33
CPB,47.75,49.76
CTL,12.83,13.87
STT,83.95,86.65
PGR,100.74,101.15
HMY,4.54,4.81
CLF,17.86,17.75
VMC,178.24,180.21
CNX,13.42,13.81
PH,313.81,311.16
TECK,21.17,21.38
GPC,124.97,129.74
CBRE,85.2,88.62
DD,77.11,79.49
IX,80.84,83.4
SHW,273.87,278.2
PFE,38.65,38.97
WFC,45.05,45.42
MTW,22.88,24.23
WMT,139.91,140.03
EIX,59.45,58.94
KBH,48.23,51.38
SNA,237.6,248.96
ATI,23.26,23.34
XRX,24.14,22.74
EFX,229.23,232.39
GFI,9.38,9.56
MCK,187.56,190.5
ETR,109.29,112.22
CMS,64.39,64.96
HMC,29.82,30.43
AMP,258.4,261.84
AIG,48.45,50.06
RL,133.29,139.56
LEG,49.67,50.63
LB,65.9,66.29
IFF,142.17,140.48
PBR,8.48,8.27
MHO,69.72,73.18
GWW,433.54,431.37
STZ,240.32,243.04
AMT,254.77,250.39
TV,12.38,12.43
PM,95.0,95.57
FIS,152.9,153.95
MO,47.75,51.18
EP_pc,49.87,51.09
STC,58.65,57.82
BLL,93.64,94.04
HIG,65.96,70.01
HSY,164.3,164.88
SITC,14.75,15.66
DXC,32.91,33.39
MS,82.55,82.11
PNC,186.95,186.45
WM,137.97,137.21
ABC,120.8,122.15
AIZ,155.6,156.22
KR,36.54,39.26
TAP,54.95,55.02
HD,323.67,325.96
BDX,248.81,244.73
ARCH,44.41,42.99
SJM,130.99,133.49
VMW,160.83,168.65
SEE,49.4,48.99
BBY,116.27,126.19
ADM,63.13,61.86
BFb,76.28,72.45
IBM,141.88,146.67
UNP,222.09,223.98
CHN,29.74,30.05
SNE,100.16,102.21
R,79.84,76.56
SLM,19.66,20.22
MU,86.07,83.81
AVY,214.17,215.95
WFTIQ,10.6,10.99
MRO,11.26,12.02
CF,48.63,47.45
APA,20.0,17.98
DUK,100.69,101.63
KEY,21.76,21.56
TDC,49.47,50.86
SNV,46.86,48.92
WPM,41.32,39.89
LH,265.87,267.76
BXP,109.35,112.93
WDC,70.63,68.4
PPG,171.24,178.81
SPGI,390.39,389.36
ANF,37.49,42.32
WMB,24.36,24.34
ANTM,379.39,385.24
BC,107.13,107.49
JEC,133.61,135.96
EMN,115.39,115.61
VZ,57.79,57.6
NUE,82.26,80.92
OMC,82.26,85.37
NYT,45.41,45.95
LNC,64.13,67.58
UBS,15.29,15.36
NOV,14.95,13.66
AVB,192.0,200.54
MAR,148.52,156.11
IR,49.41,50.46
BMY,62.42,61.32
GNW,4.32,4.15
AEP,88.71,87.45
TMO,470.23,449.45
KSS,58.66,58.53
NEM,62.41,60.99
GHC,635.61,632.17
TTM,19.35,19.71
PSA,281.16,281.99
TRV,154.66,160.5
SWK,206.77,208.16
MBI,10.02,10.05
HDB,70.28,69.13
NTTYY,25.3,26.78
BEN,30.0,30.32
HUM,445.24,458.03
HRB,22.26,24.08
VIAB,41.02,44.62
UNM,28.26,29.58
CB,171.59,174.22
JEF,32.51,33.15
JNJ,162.73,168.01
TSN,77.45,82.27
TGT,207.26,204.14
JBL,52.42,52.1
AXP,153.35,153.86
AMX,13.94,13.71
MAS,63.88,62.77
X,23.01,21.76
SYK,262.63,263.66
MUFG,5.37,5.48
DFS,114.0,104.62
PRU,100.36,100.86
ABT,120.08,120.49
GE,13.12,13.22
OIBRQ,0.4,0.55
MDP,31.1,34.82
DGX,131.88,128.39
UPS,203.86,201.82
AUY,4.59,4.33
CVS,76.4,76.38
ITT,94.31,95.81
PPL,29.13,28.76
RHI,87.61,90.39
SPG,121.74,124.79
IBN,16.3,16.59
BIG,68.94,73.12
JCI,62.34,65.46
CMI,252.04,249.12
ALL,126.8,129.92
SRE,137.57,141.25
DVN,23.38,23.71
CAG,37.09,38.64
TJX,71.0,69.61
WHR,236.45,249.0
RRC,9.82,9.66
FE,37.92,39.41
HOV,132.59,150.95
GL,102.49,102.73
UTX,83.24,83.02
PHM,59.12,60.95
WYND,64.53,65.7
VLO,73.96,74.56
IGT,17.22,16.2
BSX,43.6,46.01
FTR,0.06,0.01
COF,149.08,147.13
PCG,11.32,10.93
NSC,279.24,280.26
AFL,53.73,55.91
HOG,48.37,46.98
EQR,74.23,77.09
PBI,7.47,8.22
APD,288.48,290.58
FHN,18.29,18.35
PFG,63.87,65.58
TXN,180.51,180.45
ASR,170.1,179.8
HPQ,34.11,35.46
CCEP,56.82,59.72
HON,223.04,222.41
NMR,5.44,5.57
AMD,81.62,77.26
MTB,157.69,156.77
NCR,45.75,49.76
MOS,35.18,34.19
PKI,129.63,120.62
LVS,61.26,59.18
FCX,37.71,36.73
AZO,1464.12,1451.05
NBR,80.85,81.97
SYY,84.73,86.58
THC,59.26,61.15
AEE,84.84,87.01
IBA,44.47,42.89
ETN,142.93,143.04
SRL,10.66,11.4
KOF,46.97,45.61
CRM,230.32,223.13
EPAC,26.6,27.26
ED,77.41,78.77
AES,27.82,27.92
RIG,3.22,3.39
AIV,6.94,7.22
TXT,64.24,62.89
UIS,24.0,23.76
FII,28.8,28.98
USB,59.35,59.53
CMA,75.16,75.57
V,233.56,235.84
MTG,15.24,14.99
BKR,20.08,19.68
TM,150.77,150.66
WU,25.76,25.72
CAJ,23.73,24.13
HES,74.51,76.2
YUM,119.52,120.79
MMC,135.7,137.78
KYOCY,60.6,62.49
K,62.42,61.78
KIM,21.0,22.08
ECL,224.12,216.72
JWN,36.68,37.0
EOG,73.64,80.02
NWL,26.96,28.0
AON,251.44,248.7
HAS,99.45,96.65
BK,49.88,51.44
WIT,7.16,7.24
SLB,27.05,26.58
WBA,53.1,54.85
ROK,264.26,260.42
PEP,144.16,145.58
UNH,398.8,402.69
TER,125.08,124.65
MUR,16.93,18.31
MFG,2.91,3.06
DDS,98.91,97.9
DHR,253.94,252.53
FLIR,59.97,61.63
SPWR,25.69,27.23
STX,92.84,94.34
A,133.64,134.56
CX,7.89,7.93
DAL,46.92,48.71
M,16.58,16.72
MCO,326.71,324.99
NKE,132.62,127.76
RDY,69.02,69.72
LNN,165.78,166.9
PG,133.42,133.32
WY,38.77,38.91
ADP,186.99,192.34
DNR,54.41,58.41
MDRX,15.56,14.73
RS,160.31,161.95
SSRM,15.86,13.78
SWN,4.27,4.14
CRI,108.79,108.03
KDP,35.85,36.38
LOW,196.25,200.63
MIDD,181.32,184.77
VALE,20.12,20.72
UAL,54.4,58.37
NFLX,513.47,491.92
NWS,24.31,26.1
TUP,24.37,23.22
EQIX,720.76,688.88
CERN,75.05,72.87
CGA,13.69,16.41
BKNG,2466.1,2523.45
ORLY,552.88,555.89
SGEN,143.76,136.72
BLK,819.3,808.66
CCMP,183.43,184.19
CME,201.99,202.97
ILMN,392.84,386.5
JBHT,170.71,178.7
L,55.75,56.6
MXIM,94.0,91.14
RCI,49.23,49.0
URBN,35.9,37.4
SSP,21.62,23.9
OSK,124.43,127.47
NEE,77.51,72.06
CEF,18.17,18.12
FSLR,76.53,68.45
MYL,13.3,13.01
MKTAY,45.12,45.35
MITSY,420.75,426.82
WPFH,0.1,0.12
FFIV,186.76,185.25
EW,95.52,97.3
NWSA,26.19,26.71
ALXN,168.68,166.56
APH,67.34,65.67
BRKb,274.95,276.57
COG,16.67,16.46
KMX,133.24,142.5
CMG,1492.03,1420.95
DVA,116.53,118.08
ATGE,34.31,31.26
EQT,19.1,17.75
FMC,118.24,116.33
FTI,7.4,7.3
FLS,39.64,39.5
GME,173.59,103.13
LHX,209.23,208.3
PEAK,34.34,35.09
WELL,75.03,79.54
HP,25.63,25.89
HRL,46.2,47.05
IVZ,27.0,27.85
IRM,40.12,41.54
ES,86.22,83.86
NRG,35.82,34.86
OKE,52.34,52.52
OI,16.49,16.95
PXD,153.83,162.8
RSG,106.3,107.57
ROP,446.44,452.22
VTR,55.46,55.92
WEC,97.17,99.07
RRD,4.33,4.52
GOLD,21.25,20.58
AEM,62.44,60.12
ALV,100.66,107.82
BX,88.49,92.88
CIM,13.14,13.37
CNS,68.02,67.08
DDD,21.54,23.67
LAZ,44.99,43.79
MGA,94.42,96.03
MPC,55.65,56.6
NS,19.16,19.38
OSG,2.21,2.07
RES,4.86,5.42
SCCO,69.41,68.18
SD,4.06,4.0
TWI,10.79,11.46
UAA,24.31,23.83
BHC,32.17,32.54
WTR,47.13,47.31
ADTN,17.09,17.61
AEIS,110.31,111.05
ANTE,3.24,3.65
ARNA,68.63,65.32
AVGO,456.2,466.75
CLSN,1.18,0.67
CREE,99.42,92.97
CRUS,74.41,71.46
ENTG,112.58,104.71
HAIN,41.01,40.9
IIJIY,22.57,22.57
IPGP,217.11,207.8
IONS,42.82,43.47
ITRI,89.94,88.84
MANT,85.35,86.15
MPAA,21.6,22.9
NUAN,53.17,52.39
NXPI,192.51,185.49
QUIK,6.58,6.64
RDWR,27.71,28.01
RGLD,111.86,107.03
TSLA,709.44,707.49
TTWO,175.38,161.22
YNDX,65.55,61.05
CBBI,11.35,12.58
RGRNF,2.04,2.03
DLTR,114.9,119.31
ENGQF,14.9,15.01
AAME,4.09,4.26
AAON,65.41,65.05
AAWW,67.91,70.8
ABCB,54.09,56.88
ARCB,72.76,77.21
ABIO,3.44,3.26
ABMD,320.73,315.63
AUTO,2.6,2.51
ACAD,20.56,17.38
ACFN,0.58,0.6
ACHC,60.92,62.06
ACIW,37.78,37.64
ACLS,41.53,41.4
ACNB,27.5,27.5
ACOR,5.22,3.9
ACRX,1.3,1.38
ACTG,6.08,6.53
ACUR,0.36,0.26
RAMP,48.98,43.93
ADES,4.7,4.28
ADUS,105.8,98.07
AEGN,30.1,30.03
AEHR,2.26,2.02
AEY,2.02,1.85
AEZS,1.06,1.36
AFSIM,20.5,20.73
AGEN,3.09,3.51
ARGO,52.18,53.48
AGNC,17.93,18.09
AGYS,50.41,50.76
AHPI,4.74,5.26
AIMC,59.01,61.4
AIRT,22.54,19.31
ALCO,29.97,28.47
ALGN,595.53,545.83
ALGT,235.73,235.53
ALIM,10.24,11.88
ALKS,22.0,22.94
ALLT,18.43,19.13
ALNY,140.64,134.25
ALOT,14.66,13.5
ALSK,3.31,3.33
AMCF,0.09,0.0
AMED,269.85,258.12
AMKR,20.22,21.84
AMNB,34.03,35.12
AMOT,34.7,33.8
AMOV,13.82,13.38
AMRB,19.73,21.82
AMRS,14.56,14.56
AMSC,16.47,13.39
AMSF,62.08,65.68
AMSWA,20.69,21.33
AMWD,99.46,100.64
ANAT,113.35,112.19
ANDE,28.72,28.82
ANGO,24.3,26.31
ANIK,40.18,37.03
ANSS,365.66,357.78
ANTH,0.08,0.09
AOSL,31.1,30.67
APEI,30.46,28.67
APOG,35.13,33.75
RIOT,41.83,43.7
SEEL,6.09,6.37
IRCP,8.98,7.97
APWC,3.24,3.23
ARAY,4.7,4.75
JAN,6.92,4.48
VER,47.84,45.56
THRM,71.2,74.0
ARKR,20.3,19.56
ARLP,5.48,5.5
AROW,35.35,35.84
ARRY,28.16,21.9
TREC,7.59,7.96
ARTNA,40.45,41.07
ARTW,3.12,2.99
ARWR,72.76,72.19
ASB,21.89,22.79
ASGN,105.18,110.55
ASMIY,302.82,304.45
ASMLF,654.4,653.34
ASRV,4.2,4.56
ASTC,1.23,1.31
ASTE,75.01,77.54
ASTI,0.03,0.01
VCEL,62.42,64.32
ASUR,8.01,8.1
ASYS,10.54,10.55
AACG,3.09,3.82
ATAX,5.87,5.96
ATEC,15.99,15.73
ATHX,1.67,1.52
ATLO,25.28,24.34
ATNI,45.58,49.4
ATRC,77.07,76.16
ATRI,638.6,668.08
ATRO,17.41,17.68
AUBN,35.5,31.35
AUDC,30.81,31.1
AVAV,110.37,102.67
AVEO,7.05,5.78
AVID,22.74,22.82
SRPT,70.84,61.6
AVNW,32.41,33.25
AWRE,3.5,3.24
AXAS,2.05,2.01
AXTI,9.86,9.29
NTUS,25.55,25.58
BANC,17.9,18.46
BANF,69.51,72.5
BANR,56.84,58.46
BASI,23.62,22.33
HOPE,15.01,15.48
BBGI,2.81,2.95
BBSI,73.33,69.3
BCBP,13.77,13.31
BCPC,127.19,127.27
BCRX,11.64,10.6
CLAR,18.61,18.62
BDSI,3.46,2.93
BEBE,5.06,4.96
BECN,56.33,58.56
BELFA,18.91,19.02
BELFB,19.93,20.3
BFIN,10.42,10.64
BGCP,5.3,5.78
BGFV,18.32,16.84
BGMD,0.1,0.04
BHLB,22.19,23.05
BIOC,4.78,4.42
ALBO,32.1,28.13
GRBK,25.81,24.89
BIOS,19.08,20.32
BJRI,60.99,64.43
BKEP,3.25,3.32
BKSC,20.0,21.86
BLDR,48.67,49.59
BLIN,2.77,2.91
BLKB,71.12,73.64
BLRX,3.14,3.37
BIOL,0.75,0.77
BMRC,35.42,36.41
BMRN,77.92,77.48
BMTC,45.96,49.01
BNSO,6.04,7.12
BOCH,12.91,13.66
AX,45.15,42.29
BOKF,87.94,92.06
BONTQ,0.01,0.05
BOOM,54.0,57.06
BOSC,3.16,3.7
BPFH,14.72,14.89
BRID,14.24,13.31
BRKL,16.1,16.48
BRKS,101.33,106.48
BSET,34.3,38.07
BSQR,2.42,1.97
BSRR,27.07,26.31
BUROF,3.8,3.19
BUSE,24.98,25.39
BWEN,5.17,3.04
PTVCB,23.0,22.83
BYFC,2.1,2.44
CAAS,4.45,3.7
CAC,47.72,51.18
CACC,394.79,386.0
HHT,1.24,1.1
CAKE,62.59,65.53
CALM,37.36,38.5
CAMP,13.75,14.41
CAMT,34.06,34.94
CARV,8.74,8.65
CASH,49.26,53.1
CASS,45.89,46.74
CASY,222.19,222.95
CATM,38.84,39.09
CATY,40.48,40.03
NETE,11.38,9.25
CBAT,4.63,2.78
CBAN,15.59,15.89
CBLI,5.76,5.77
CBRL,167.47,168.88
CBSH,77.81,79.12
CCBG,25.27,25.55
CCCL,2.72,3.16
CCNE,25.46,24.03
CCOI,75.51,76.06
CCRN,13.32,13.66
CDXS,23.18,22.03
CDZI,11.65,11.59
CECE,7.3,7.22
CECO,11.66,11.03
CENT,54.14,57.29
CENTA,49.27,47.63
CERPQ,0.11,0.06
CERS,6.1,5.76
CEVA,55.44,48.47
CFBK,20.1,19.62
CFFI,42.18,46.65
CFFN,12.93,13.02
PME,1.07,0.77
CGEN,8.63,7.16
CGNX,86.12,85.22
CHCI,4.36,1.83
CHCO,77.4,76.9
CHDN,211.5,204.53
CHEF,32.23,33.84
CHNR,1.5,1.2
CHRS,14.8,11.52
CHTR,673.45,656.98
CIDM,1.44,1.66
FANH,13.35,12.31
CIZN,19.1,17.52
CJJD,1.0,0.98
CLDX,30.33,32.98
CLFD,34.35,35.11
CLMT,6.03,6.94
CLNE,11.0,10.27
SEII,0.05,0.04
CLRO,2.42,2.24
CLUB,0.29,0.4
CLVS,5.94,6.43
CLWT,3.1,3.07
CMCO,49.51,48.39
DXLG,1.48,1.63
CMTL,23.98,24.1
CNAF,19.54,20.35
CNBKA,114.25,116.02
FBIO,4.32,3.69
CNET,1.99,2.16
TAOP,6.86,5.77
CNMD,140.95,145.08
CNSL,7.2,7.64
CNTY,13.15,13.39
VIEWF,0.08,-0.19
COHR,259.99,249.85
COHU,40.01,38.6
COKE,293.25,312.26
COLB,43.53,44.6
COLM,109.01,106.67
CONN,20.24,21.55
PTE,1.02,0.74
CORE,42.56,42.59
CORT,22.79,20.97
COWN,39.49,42.14
CPHC,13.52,12.21
CPIX,2.67,2.52
CPLP,12.73,13.42
CPRX,4.58,4.51
CPSI,30.02,31.12
CPSS,4.35,4.34
CRAI,80.26,83.68
CREG,9.3,7.85
CRESY,5.63,5.13
CRIS,10.82,9.77
CRMBQ,0.04,-0.01
CRMT,150.83,163.41
CRNT,3.41,3.9
CRVL,117.01,113.13
CRWS,7.7,7.8
CSGP,854.43,832.94
CSGS,45.99,45.47
CSII,40.32,41.79
CSIQ,41.24,34.44
CSOD,44.26,43.44
CSPI,8.98,8.69
CSWC,24.48,25.26
CTBI,44.56,45.99
CYRN,0.66,0.5
CTG,9.9,10.89
CTHR,3.14,3.34
CTIB,1.82,1.34
CTIC,2.42,1.94
CTRN,104.6,111.01
CUTR,30.03,29.16
CVBF,21.21,21.16
CVCO,209.43,204.04
CVCY,19.64,20.78
CVGI,10.99,9.99
CVGW,78.13,77.56
CVLY,18.4,18.71
CVTI,21.51,22.53
CVV,4.69,4.59
CWBC,12.37,13.36
CWCO,11.77,11.64
CWST,67.11,68.94
CXDC,1.07,1.02
CYAN,3.14,2.78
CYBE,32.99,34.39
CYCC,7.11,7.13
CYTK,25.44,26.36
CYTR,2.76,3.17
PSTV,2.28,1.81
CZNC,24.7,25.03
CZWI,13.0,13.83
DAIO,5.39,5.57
DAKT,6.17,6.66
BBQ,13.2,13.91
DCIX,4.36,4.02
DCOM,33.12,33.6
DCTH,11.11,9.78
DENN,18.94,19.15
ASRT,0.55,0.26
DESTQ,0.03,0.03
DGICA,15.43,16.06
DGII,17.87,17.33
DGLY,1.8,1.85
DHIL,171.0,168.15
LLIT,10.99,12.88
DIOD,76.81,79.08
DISCB,80.8,93.36
DISCK,32.31,35.06
DJCO,305.19,249.72
DMEDF,0.86,0.67
DMLP,14.56,15.16
DMRC,33.73,29.68
DORM,99.18,101.83
DRAD,2.88,2.76
USAU,11.0,8.35
DRD,9.91,9.27
DRRX,1.9,1.78
DSGX,64.06,63.43
DSPG,13.89,13.28
DSWL,3.83,3.89
DUSA,35.54,35.77
DVAX,9.98,10.33
DWSN,2.3,2.54
DXCM,386.1,385.61
DXPE,29.27,30.16
DXYN,3.59,3.75
IDXX,548.99,515.23
INCY,85.38,82.92
LBTYK,27.06,26.65
MELI,1570.98,1438.09
TMUS,132.13,130.56
FB,325.08,322.8
WLTW,258.86,251.55
WDAY,247.0,256.08
MDLZ,60.81,61.56
SWKS,181.33,179.57
LULU,335.27,340.25
REGN,481.3,448.8
ASML,648.1,644.81
SNPS,247.06,234.41
ULTA,329.35,345.53
VRSK,188.2,184.9
AAL,21.72,21.65
GOOG,2410.12,2480.84
JD,77.36,71.55
PYPL,262.29,250.71
FOXA,37.42,38.5
FOX,36.38,37.77
DYNT,1.18,0.94
EBIX,30.11,31.99
EBMT,23.39,23.81
EBSB,22.11,21.57
EBTC,34.83,37.87
ECHO,32.7,33.09
ECOL,42.46,41.51
ECPG,39.34,39.54
EDAP,6.88,7.68
ALYA,2.24,1.64
EDUC,17.78,17.08
EEFT,143.43,140.75
EFSC,49.13,49.29
EGAN,9.83,9.62
EGBN,53.41,57.31
EGLE,43.34,48.02
EHTH,70.74,74.58
ELSE,4.57,4.38
ELTK,5.79,5.36
EMCF,27.14,28.18
EMKR,6.23,5.94
EML,28.27,26.81
EMMS,2.75,3.28
ENDP,5.73,5.59
ENG,3.42,3.54
ENSG,85.85,91.11
EPAY,48.56,47.19
ERIE,214.02,206.87
ERII,21.2,21.72
ESBK,13.36,13.89
ESCA,22.02,23.02
ESEA,14.4,13.91
ESGR,251.18,271.45
ESSA,15.52,15.83
EVOL,2.14,1.64
EWBC,76.15,78.63
EXAS,131.82,125.99
EXFO,3.7,4.11
EXLS,92.38,96.01
EXPO,96.33,99.66
EZPW,5.63,5.59
FARM,10.2,10.37
FARO,75.85,78.08
FBIZ,26.46,26.82
FBMS,39.12,39.46
FBNC,42.4,43.37
FCAP,45.08,43.29
FCBC,29.22,29.43
FCCO,18.4,17.48
FCCY,19.18,19.38
FCEL,9.71,11.18
FCFS,72.03,72.44
FCNCA,867.46,899.88
CIVB,23.13,23.61
FDEF,31.59,30.3
FEIM,10.74,10.25
FELE,81.27,83.5
FFBC,24.51,25.22
FFHL,8.21,8.09
FFIC,23.27,24.53
FFIN,49.08,50.86
FFNW,13.61,13.98
VERU,8.84,8.49
FIBK,46.97,48.9
FISI,31.93,32.25
FIZZ,48.59,53.83
FLDM,5.01,4.32
FLIC,21.29,21.73
AVDL,7.5,7.47
FLWS,31.98,26.56
FLXS,43.53,47.17
FMBI,20.97,20.71
FMNB,16.58,16.75
FNLC,28.29,30.19
FOLD,9.84,8.89
FONR,17.15,17.88
FORD,2.7,2.07
FORM,39.15,40.89
FORR,43.45,43.86
FORTY,94.4,94.05
FRBK,3.99,4.03
FRME,46.21,47.4
FRAF,30.15,29.85
FSFG,68.8,70.94
CIGI,107.88,109.84
FSTR,16.14,15.83
FTEK,2.28,2.12
FTNT,204.23,215.04
FULT,17.05,18.03
FUNC,16.92,16.21
FWRD,88.29,94.64
GABC,43.33,42.85
GAIA,10.54,11.02
SLS,7.88,7.55
GASS,2.8,2.73
GBCI,58.95,59.59
GBLI,28.76,25.24
GCBC,25.41,25.87
GENC,11.99,11.07
GENE,4.28,2.81
GERN,1.45,1.29
GEVO,6.78,7.18
GFED,24.1,25.52
GFN,18.98,20.37
GIFI,4.16,4.19
GIGM,2.92,2.88
GIII,32.49,32.95
GILT,10.05,9.46
GLBS,4.91,4.29
GLBZ,11.92,11.92
GLDD,15.7,15.43
GLNG,11.48,10.09
GLRE,9.23,9.12
GNTX,35.18,34.18
GOOD,21.04,20.9
GPRE,29.8,32.04
GRFS,17.65,17.37
GRIF,62.5,63.17
GROW,7.44,9.15
GRVY,109.54,85.19
GSBC,56.41,57.49
NOVT,131.71,137.43
GSIT,5.9,5.37
CCLP,1.68,1.57
GSM,4.1,4.11
GTIM,4.51,4.5
GTLS,160.63,168.3
ONCT,6.29,6.21
GURE,6.16,6.06
HA,25.11,25.94
HAFC,20.3,21.12
HALL,3.97,3.97
HALO,49.95,55.04
HAYN,29.24,29.53
HBCP,37.94,38.82
HWC,46.24,47.51
HBIO,6.93,7.46
HBNC,18.34,19.0
HCCI,28.72,28.82
HCKT,16.63,16.8
HCSG,29.95,29.93
HDSN,2.06,2.41
HEES,38.9,42.23
HELE,211.21,209.03
HFWA,28.1,29.75
HGSH,2.33,2.22
HSON,17.75,20.98
HIBB,79.45,83.75
HIFS,304.14,292.85
HIHO,3.37,3.3
HIMX,13.12,13.13
HLIT,7.82,7.64
HMNF,20.5,21.72
HNRG,2.07,2.19
HOFT,37.51,39.46
HOLI,13.56,10.8
HOMB,27.83,29.07
HRZN,16.54,15.99
HSII,42.3,43.99
HSKA,182.65,185.22
HSTM,24.16,23.64
MARK,2.33,2.37
HTBK,12.07,12.28
HTHT,58.96,61.07
HTLD,18.59,18.95
HTLF,50.27,51.44
HUBG,65.72,63.46
HURC,34.35,33.42
HURN,56.26,54.81
TVTY,24.18,25.12
HWBK,21.54,22.76
HWCC,5.25,5.37
HWKN,33.35,33.53
HZNP,94.62,93.97
IART,74.08,74.76
IBCP,23.56,24.38
IBKR,71.52,71.71
IBOC,47.39,50.46
ICAD,18.04,17.34
ICCC,10.95,11.87
ICFI,91.06,93.81
ICLR,216.95,199.33
ICUI,208.27,201.6
IDCC,69.42,62.03
IDRA,1.18,1.36
PWFL,7.56,7.32
IEP,57.96,56.34
IESC,52.79,51.27
TILE,12.84,12.84
IGLD,10.0,9.82
III,4.55,4.41
IIIN,38.13,39.26
IIN,23.13,21.97
IIVI,67.14,62.02
IKNX,9.83,9.07
IMGN,8.06,7.84
IMKTA,61.29,62.66
IMMR,8.57,7.36
IMOS,34.05,33.81
INDB,81.9,82.34
INFI,3.33,3.48
INFN,9.22,8.99
INOD,6.27,5.57
INSM,33.73,37.06
INTG,36.0,40.29
INTL,63.52,63.9
INVE,15.95,16.13
IOSP,97.41,96.86
IPAR,73.6,72.08
IRBT,108.8,113.24
IRDM,37.99,39.29
IRIX,8.6,8.42
IROQ,22.16,20.91
IRWD,11.04,10.45
ISBC,14.64,15.16
ISIG,6.3,6.19
ISNS,6.52,6.04
ISSC,6.16,6.03
ITIC,176.43,164.78
ITRN,21.85,22.47
IVAC,6.41,6.71
JACK,120.65,125.33
JAKK,9.39,9.39
JAZZ,164.4,158.93
JBSS,87.9,92.44
JCOM,121.0,127.32
JCS,6.5,4.88
JJSF,164.61,160.81
JKHY,162.83,158.68
JOBS,61.55,59.35
JOUT,141.81,152.07
JRJC,10.45,9.9
JVA,4.61,4.42
KALU,120.47,120.82
KBAL,14.58,15.02
KELYA,25.05,25.42
KELYB,25.21,29.73
KEQU,12.0,12.04
KFFB,6.9,6.91
SMPL,34.55,34.18
KFRC,56.04,59.7
KGJI,0.18,0.21
KINS,8.38,8.77
KIRK,29.6,31.15
KLIC,56.85,56.38
KNDI,5.76,5.85
LKCO,1.38,1.45
THMO,2.81,2.37
KOPN,8.22,9.78
KOSS,18.7,0.41
KRNY,12.78,13.19
KTCC,6.96,6.52
KTOS,26.74,25.71
KVHI,13.39,12.59
GDEN,34.47,34.6
LAKE,28.21,26.55
LANC,184.71,182.15
LARK,24.05,23.46
LAWS,52.43,54.98
LBAI,18.13,18.06
YVR,2.46,3.64
LCNB,18.12,18.72
LCUT,14.5,14.14
LEDS,3.63,4.32
LFUS,265.24,264.99
LGND,145.89,150.86
LHCG,208.27,211.89
LINC,6.42,6.24
QRTEB,12.2,10.74
LIVE,31.03,29.34
LKFN,65.23,66.94
LLNW,3.13,3.19
FWONA,41.42,40.53
LMNR,18.06,16.32
LMNX,36.69,37.77
LNDC,11.32,11.05
LOAN,6.29,6.53
LOOP,8.62,7.73
LOPE,108.29,114.33
LORL,40.13,45.52
LPLA,156.7,159.2
LPSN,54.65,52.9
LPTH,2.6,1.73
LQDT,17.93,18.33
GNSS,6.25,6.42
LSBK,15.3,17.62
LSCC,50.31,50.54
LSTR,172.28,183.89
LTBR,5.09,4.11
LTRX,5.46,5.21
LUNA,11.34,10.51
LWAY,4.98,4.73
LXRX,4.86,4.76
LYTS,8.22,7.84
MAGS,4.65,4.62
MANH,137.24,135.98
MARPS,3.9,4.35
MASI,232.67,213.45
MATW,41.38,43.68
MBWM,32.28,33.0
MCBC,9.57,9.57
MCHX,2.9,3.13
MCRI,75.41,70.7
MDCA,4.46,4.77
SOHO,3.11,3.11
SSKN,1.65,1.16
MEOH,36.56,35.5
MERC,16.49,17.29
MFNC,21.7,21.78
PPIH,6.48,6.21
MGEE,74.81,73.6
MGIC,16.39,15.85
MGLN,94.2,93.91
MGPI,60.1,63.07
MGRC,81.98,83.48
MHLD,3.72,3.7
MIND,2.32,2.18
MITK,16.21,16.0
MKSI,179.11,173.85
MKTX,488.46,474.68
MLAB,248.65,235.9
MLHR,41.5,42.14
STCN,1.96,2.08
MLVF,18.23,19.62
MMLP,2.12,2.31
MMSI,63.6,63.1
MMYT,27.42,30.28
MNDO,2.98,2.69
MNKD,4.57,5.18
MNOV,4.39,3.73
MNRO,70.59,71.02
MNTX,7.25,8.63
MOFG,31.56,32.35
MORN,265.01,246.02
MOSY,3.8,3.79
USWS,0.82,1.04
MPB,26.99,26.54
TELL,2.21,2.19
MPWR,361.38,330.19
MRCY,75.24,70.24
MRLN,22.55,21.37
MRTN,16.72,16.43
MSEX,82.02,80.98
MSON,18.57,20.46
MSTR,657.16,633.3
MTEX,19.46,20.26
MTRX,13.21,12.39
MTSL,2.9,3.54
MVIS,15.25,15.25
MYGN,30.22,31.4
MYRG,77.9,75.86
VXRT,10.78,12.38
NAII,15.0,15.45
NATH,63.43,67.12
NATI,41.41,39.01
NATR,20.81,21.56
NBIX,94.49,91.83
NBN,28.17,29.91
NBTB,37.89,37.42
SLCT,11.79,11.93
NCMI,4.27,4.09
NCTY,22.98,27.91
NDSN,211.41,211.37
NEOG,96.01,97.04
NEPT,1.32,1.18
NEWT,27.88,29.18
NFBK,16.18,17.23
BIMI,1.49,1.28
NICE,241.23,234.35
NICK,10.41,10.95
NKSH,35.89,35.12
NKTR,19.61,19.09
NLNK,12.38,9.15
NNBR,7.3,7.31
NRIM,42.65,45.39
NSEC,11.98,11.3
NSIT,100.37,101.65
NSSC,33.31,35.4
NSYS,6.05,5.09
NTCT,26.19,26.87
NTGR,37.21,36.08
NTIC,15.55,16.26
NTWK,4.35,4.33
NURO,3.0,2.72
NUVA,71.45,74.49
NVAX,236.93,199.14
NVEC,76.53,74.95
KZIA,10.74,10.31
NVMI,94.37,95.01
INSG,8.88,7.65
NWBI,14.04,14.14
NWFL,25.49,25.27
NWLI,229.3,234.47
NWPX,33.27,33.77
NXST,147.41,151.51
NYMT,4.59,4.71
NYMX,1.99,1.88
OBCI,13.36,11.59
OCC,3.4,3.29
OCFC,22.86,23.16
SNOA,7.75,7.86
OFED,23.48,27.36
OFIX,44.35,44.15
OFLX,159.0,147.26
ACHV,10.79,11.06
OIIM,6.81,5.57
OMAB,49.73,49.6
OMCL,145.02,143.15
OMER,17.66,18.22
OMEX,6.49,6.95
ONCY,3.05,2.45
ON,39.0,38.74
OPHC,3.71,3.86
OPOF,22.02,24.72
OPTT,2.51,1.57
GEC,2.66,2.61
ACER,2.92,2.61
ORBC,11.46,10.96
ORRF,23.71,24.46
OSBC,13.21,13.51
OSIS,96.57,97.15
OSN,4.71,4.56
OSTK,81.5,87.33
OSUR,9.15,7.43
OTEX,47.1,47.54
OTTR,47.23,48.04
OVBC,22.38,19.84
OVLY,17.74,18.47
TENX,1.9,1.71
GEOS,7.52,6.6
OZK,40.99,42.18
PACB,29.85,24.42
PACQ,9.6,5.79
PACW,43.41,44.84
OLED,223.69,212.42
PATK,89.6,95.11
FRPH,50.76,51.78
PBHC,14.8,15.94
LMST,15.82,16.65
PBIP,13.85,13.28
CNXN,45.35,42.99
PCH,59.36,60.12
PCOM,15.32,15.73
PCRX,63.18,65.29
PCTI,6.68,6.85
PCYO,15.27,15.78
PDEX,28.52,26.75
PDFS,17.73,16.91
IDXG,8.68,9.77
PEBK,23.37,21.72
PEGA,126.94,125.58
PEIX,5.56,5.45
PERI,17.89,16.82
PESI,7.48,7.81
PETS,29.42,28.77
PFBC,65.54,71.19
PFBI,18.94,19.84
PFIN,6.23,6.57
PFSW,7.3,6.86
PGC,32.0,33.41
SIVB,571.83,550.14
BWA,48.58,48.37
PWR,96.64,98.61
TEL,134.47,132.16
MAA,157.33,162.43
HII,212.32,216.27
MTD,1313.32,1327.36
FRT,112.84,115.41
AMG,161.17,167.85
MLM,353.12,358.36
RJF,130.78,135.34
DLR,154.31,150.16
ESS,290.52,314.12
COO,410.89,403.87
RE,276.95,275.6
REG,63.66,67.19
DG,214.75,212.24
FRC,183.24,181.1
NLSN,25.65,25.99
TDG,613.74,591.64
ATO,103.59,103.05
DRE,46.52,46.68
HCA,201.06,203.72
ROL,37.28,34.76
RMD,187.97,178.8
MSCI,485.77,504.43
CCL,27.96,28.2
ARE,181.1,181.93
TFX,422.48,428.28
WAB,82.07,84.2
EVRG,63.97,64.98
CPRI,55.08,55.4
APTV,143.89,141.05
CCI,189.06,191.65
FL,58.98,59.39
MAC,13.79,11.0
PNR,64.51,64.18
PBCT,18.13,18.77
TSCO,188.6,192.19
PRGO,41.63,38.36
ADS,117.85,123.35
AAP,200.16,204.02
KSU,292.21,292.67
SLG,74.01,75.64
URI,319.95,333.03
KMI,17.05,16.93
XEC,66.2,69.98
ALB,168.17,188.48
CNC,61.74,62.12
PSX,80.91,81.71
XYL,110.65,108.4
PVH,113.18,110.77
UDR,46.45,47.81
TRIP,47.13,46.28
SBAC,299.72,290.13
IT,195.88,197.03
UHS,148.41,149.2
LKQ,46.71,48.12
BR,158.63,155.86
EXR,148.69,154.11
MHK,205.5,213.54
AWK,155.99,146.83
LNT,56.17,57.42
HBI,21.06,22.2
CE,156.65,157.95
ALK,69.14,73.52
AME,134.93,136.62
LYB,103.74,104.47
RCL,86.95,89.44
FLT,287.72,293.44
PKG,147.65,146.26
AJG,144.95,148.77
CHD,85.74,86.69
GPN,214.63,208.95
HFC,35.0,36.17
O,69.15,70.08
AOS,67.75,69.61
FBHS,104.98,105.27
CBOE,104.37,103.82
CPRT,124.51,126.69
ABBV,111.5,112.3
FANG,81.73,84.09
NCLH,31.05,31.01
ZTS,173.03,167.44
IQV,234.69,236.89
COTY,10.01,10.6
TWTR,55.22,58.45
HLT,128.7,128.88
ALLE,134.38,136.77
INFO,107.58,109.16
ANET,315.17,313.09
SYF,43.74,40.71
CFG,46.28,45.96
KEYS,144.35,143.27
QRVO,188.17,180.11
WRK,55.75,56.07
HPE,16.02,17.0
UA,19.91,19.93
FTV,70.82,70.59
ARNC,28.6,24.68
LW,80.5,80.52
CTVA,48.76,48.87
AMCR,11.75,11.68
KEX,63.7,62.67
MATX,65.33,62.39
CAR,89.61,97.07
SNMP,0.76,0.64
LEU,22.89,18.44
GSS,3.43,3.33
LNG,77.52,77.67
PLX,3.35,3.15
PZG,1.03,0.89
DNN,1.07,0.81
IMO,28.95,27.83
NAK,0.59,0.39
NG,8.99,8.92
NGD,1.66,1.43
TGB,1.99,1.88
AAU,0.58,0.57
ASM,1.24,1.0
AXU,2.74,2.6
EMX,3.25,3.11
GPL,0.77,0.79
THM,1.02,0.94
AKG,1.29,1.41
MAG,17.26,14.73
PLG,4.71,3.91
WRN,1.43,1.32
AMS,2.41,2.59
BGI,2.3,4.07
BWLa,10.0,9.42
ELMD,9.77,9.35
EVBN,36.96,37.02
GSV,0.58,0.52
GTE,0.67,0.54
TLGT,0.6,0.5
INS,38.32,38.75
JOB,0.65,0.58
TMQ,2.26,2.21
PLM,3.0,2.79
TRX,0.56,0.49
NOG,14.48,15.48
FAX,4.26,4.14
IAF,6.36,6.47
FCO,8.53,8.43
ACU,44.7,49.94
AE,26.5,25.56
ACY,10.5,9.7
APT,8.96,7.72
DIT,145.95,141.3
PLAG,1.94,1.73
AMPE,1.85,1.62
AWX,3.52,3.16
BTN,5.16,5.69
BCV,31.21,29.5
BHB,28.66,30.33
BRN,2.07,2.03
LCTX,2.74,2.55
BDR,1.07,1.26
CVU,4.31,4.3
CVM,24.13,31.43
CET,38.91,40.5
CCF,118.44,121.04
CVR,25.9,27.13
CPHI,0.77,0.87
GLV,11.99,12.33
GLQ,15.93,16.14
GLO,13.02,12.92
CIX,19.24,21.24
LODE,3.93,2.12
MCF,3.74,3.81
CMT,11.01,10.12
CLM,11.65,11.46
CRF,11.3,10.42
CIK,3.42,3.4
DHY,2.45,2.4
DXR,9.72,8.84
VCF,14.37,14.53
VFL,13.47,12.39
VMM,13.51,13.49
DLA,34.01,31.35
DPW,3.0,1.53
DSS,3.1,2.82
DMF,8.94,9.07
GRF,8.73,9.0
CEV,13.35,12.46
EVY,14.93,14.67
EIM,13.46,13.27
ENX,12.43,12.02
EVM,11.84,11.58
EVV,12.82,12.73
ECF,14.37,12.56
EMAN,2.63,2.79
MSN,1.13,1.14
EVI,26.74,25.58
ESP,15.15,15.31
EPM,3.31,3.37
FEN,13.95,13.79
FSI,3.35,3.16
FSP,5.28,5.74
FTF,9.26,8.98
FRD,8.16,8.5
GLU,20.42,20.63
GGN,3.68,3.68
GORO,2.69,2.35
AUMN,0.73,0.68
AIM,2.16,2.09
HUSA,1.63,1.69
IBIO,1.37,1.18
IMH,2.01,1.69
INFU,22.62,22.83
COHN,32.11,32.89
IHT,2.24,2.22
VKI,12.04,11.11
ISR,0.92,0.6
LGL,11.25,10.37
CEI,0.73,0.49
MHH,15.79,15.51
MXC,7.57,9.25
NTN,49.8,85.47
NHC,70.31,67.04
NAVB,1.6,1.48
NBW,13.99,13.89
NBO,12.6,11.91
NBH,16.67,14.24
NHS,12.84,12.97
NRO,4.79,4.81
GBR,3.83,7.76
NEN,57.5,57.5
NBY,0.82,0.92
ITP,0.56,0.58
PTN,0.62,0.36
PRK,125.09,121.39
HNW,14.95,14.85
PW,45.06,40.94
RLGT,6.68,6.68
UTG,34.68,34.32
BKTI,4.61,4.77
RCG,2.7,3.17
RVP,9.71,8.67
SEB,3577.99,3932.4
SIF,14.06,13.13
XPL,0.71,0.74
SSY,2.76,2.52
SYN,0.57,0.36
TGC,32.85,43.14
TMP,78.15,78.83
TRT,4.77,4.9
UAMY,0.94,1.14
UUU,5.94,6.37
URG,1.15,1.0
VGZ,1.06,0.97
EAD,8.64,8.7
ERC,12.78,12.81
ERH,13.95,13.0
WTT,1.86,1.9
ELLO,30.81,30.81
UEC,2.9,2.71
SAND,7.41,7.53
INTT,12.13,11.88
NNVC,4.15,2.74
OGEN,0.8,0.51
UUUU,5.51,5.33
BTG,4.8,4.28
PED,1.27,1.55
REI,2.15,2.34
AAMC,17.23,16.29
AIRI,1.32,1.26
CANF,2.17,1.71
DGSE,3.88,3.34
NSPR,6.02,4.14
ENSV,1.39,1.49
XXII,4.68,4.26
GSAT,1.27,0.96
KIQ,0.81,0.91
ATNM,7.66,7.16
BRG,9.48,9.51
ISDR,27.73,28.21
TRXC,2.1,2.13
SDPI,0.84,0.94
AINC,8.87,8.6
VNRX,3.35,2.79
RHE,7.22,4.92
EGHT,32.89,31.53
HCI,73.42,72.38
AMRX,5.51,5.69
IRET,70.39,71.86
KAMN,53.35,52.66
MSG,184.84,186.67
ONTO,68.52,73.0
PGTI,26.33,26.23
PRSP,29.27,28.84
SAVE,35.82,39.13
TISI,9.87,10.16
UI,285.33,283.66
UNFI,36.86,39.08
USPH,112.45,112.96
WPP,67.52,68.71
LDOS,101.28,100.15
AEL,30.98,31.19
PAC,102.7,106.09
ASX,8.31,7.86
CWT,58.75,59.89
IRS,3.82,3.34
MFA,4.4,4.54
ARI,15.21,15.85
CCM,3.4,3.0
PHI,26.2,25.12
RRTS,4.19,4.7
SUP,5.02,5.15
TCI,20.21,19.41
MNR,18.48,18.6
SWM,45.67,44.69
AIT,95.66,98.26
CRL,332.45,330.46
PEI,1.9,2.11
SMFG,7.04,7.06
AGM,102.86,103.69
BBVA,5.6,5.65
CCO,2.51,2.35
CM,103.96,105.29
NOA,13.47,12.63
PMT,20.05,20.35
OIBRc,1.53,1.46
FCF,14.49,15.26
FR,49.77,50.27
RPT,12.71,13.04
BAH,82.95,81.06
HE,43.06,43.35
HLX,4.29,4.71
MITT,3.95,3.93
PFS,23.57,24.33
RGA,130.53,128.68
AI,66.26,39.53
BAM,45.58,46.3
CEA,21.82,22.23
CHH,113.8,112.22
ELS,69.4,68.62
EVC,3.85,3.85
EVRI,17.68,19.72
HVT,46.47,47.29
KFS,5.04,4.85
KRA,35.76,37.47
LL,23.97,21.39
PNM,49.36,49.39
PZN,10.53,10.89
SPR,45.69,47.63
PYX,4.05,3.33
AWI,103.65,106.17
AXL,9.28,9.67
CCU,18.33,18.55
CNQ,30.38,32.17
CYD,15.97,15.66
EBR,7.03,7.01
EDU,15.26,14.61
EPR,47.71,49.25
GPK,18.55,18.29
MLP,11.28,10.91
MSM,90.16,89.06
NGS,9.0,8.44
NPK,102.88,103.31
SFL,7.76,8.12
SHG,35.74,36.03
SSD,112.7,113.75
TDS,22.98,24.14
AHT,2.74,1.81
ARL,7.78,8.53
BOX,21.3,23.42
DVD,2.24,2.12
HPP,28.11,28.36
IHG,71.11,73.37
LFC,10.21,10.17
LGFa,14.47,15.74
LPI,40.54,41.73
LYV,81.88,82.19
NHI,73.41,73.95
NLY,9.08,9.0
NX,27.29,26.93
CLDT,13.87,14.18
DRH,10.42,10.41
ETM,4.84,5.42
FDS,336.22,331.16
GNK,15.34,14.49
MPW,22.05,22.14
MX,25.01,24.07
NM,7.23,6.07
OFG,23.69,23.23
OIS,5.61,5.83
SEM,37.72,36.7
SHO,13.16,12.86
SPB,88.14,87.92
ABG,198.61,216.72
AMN,79.3,77.28
ARC,2.18,2.17
FDP,28.2,30.06
FMS,39.89,40.65
HNGR,24.93,24.47
INN,10.17,10.27
JBT,145.38,141.82
JKS,36.96,20.22
KW,20.55,20.45
MSA,160.76,163.13
NAT,3.31,3.31
NAV,44.25,44.33
PAG,87.69,92.18
PBH,43.56,46.07
REX,80.73,82.93
SJI,24.75,26.04
SMP,42.83,40.12
STWD,25.82,27.17
TRTN,50.17,52.98
ARCO,5.73,5.72
AWR,79.19,77.19
CSU,40.22,50.21
RHP,78.65,81.29
GSH,10.05,9.64
HMN,40.1,38.22
NWN,53.92,56.18
OLP,24.87,25.67
PUK,42.46,44.49
RNR,168.81,171.3
SXI,94.82,95.45
SXT,82.24,82.3
AAT,35.05,36.04
AIN,89.24,93.38
BBW,8.04,8.44
BHE,30.02,28.78
BLX,14.76,14.1
CBU,77.63,79.15
CIGc,2.72,3.08
CLR,27.24,28.93
CMP,67.92,68.7
CPK,118.52,120.65
CRS,37.87,38.24
CTB,56.99,57.56
EAT,67.13,66.54
EBS,60.98,57.11
ETH,28.71,29.31
GBX,47.24,51.45
IHC,44.0,41.75
KEP,10.58,10.42
KNX,47.12,49.52
MOD,16.28,16.45
MTX,78.14,80.18
NGG,62.98,64.33
PB,73.36,71.52
PKE,13.49,13.9
SBH,20.07,20.59
SFE,6.16,5.83
SQNS,5.65,4.17
BCEI,33.09,35.37
BIO,630.13,587.09
BKI,72.42,68.75
CFR,120.06,124.77
CIR,34.37,30.09
EGP,158.66,158.14
FSM,6.03,5.63
GTS,23.71,23.46
GVA,38.1,39.75
HT,11.56,12.11
KAR,14.99,15.09
KFY,67.89,71.65
LYG,2.49,2.55
MUSA,139.4,139.52
CNR,14.06,14.63
NJR,41.95,43.9
OPY,51.17,50.67
SMG,231.16,235.66
SNN,43.17,42.39
ALEX,18.33,18.23
AM,8.64,8.93
BDN,13.53,13.59
BGS,29.18,29.55
CDE,8.08,7.09
CHT,40.85,41.17
CNO,25.53,25.92
FFG,56.69,55.55
FICO,521.41,523.8
FIX,82.36,86.15
KRG,20.81,21.11
MEI,44.93,45.17
NTP,12.94,14.33
NUS,52.86,48.51
ODC,34.93,36.09
ONE,2.73,1.78
PDS,25.7,24.29
PEB,23.88,25.27
OBE,1.36,1.61
SJR,28.93,29.32
LSI,96.06,98.73
AKOa,13.44,13.92
AVD,19.78,20.61
BRKa,412500.0,420116.04
CACI,254.86,250.57
CMC,29.22,31.7
CMO,6.48,6.48
CRK,5.49,5.18
CSL,191.65,202.43
CUZ,36.67,36.8
EIG,40.48,41.01
GPI,164.16,166.79
HIL,2.69,2.98
JLL,187.91,197.89
KB,48.92,48.15
LXP,12.24,12.19
MLI,44.87,46.39
MTL,1.92,1.68
MWA,14.36,14.18
NFG,49.66,52.5
ORA,72.4,69.08
ORN,5.39,5.25
PHX,2.89,2.48
RGR,64.94,63.43
SLF,53.94,54.8
TD,68.75,69.19
AP,7.57,7.53
AU,20.58,19.6
BXC,50.47,51.64
CAI,42.55,41.36
CLI,16.36,17.16
CLW,33.46,32.57
CO,5.01,5.11
CPE,37.39,45.46
CSV,37.18,38.23
DK,23.73,24.66
ESE,108.76,109.73
EVR,140.13,140.75
AROC,9.34,10.01
EXK,5.28,5.66
FENG,1.67,1.88
FTK,1.52,1.56
GIL,34.69,33.91
GSL,13.9,12.01
HRC,110.22,114.33
MLR,43.02,42.57
MOH,255.1,253.81
NR,2.84,2.97
OXM,91.23,93.57
PSB,162.37,166.96
PVG,10.49,10.42
XAN,15.18,16.01
SAM,1216.49,1118.16
SF,69.19,70.61
STM,37.29,36.13
ARR,12.43,12.53
BH,133.06,125.13
BNS,63.69,65.14
BZH,22.31,23.15
CLB,28.18,27.54
COR,121.49,117.66
DQ,80.49,99.89
DY,93.81,95.54
FBC,46.54,45.63
HTH,35.2,35.37
IO,2.22,2.1
KOP,33.24,32.47
KRO,17.0,16.81
KWR,242.35,230.52
MCY,62.27,66.82
MKCv,90.81,86.97
MN,7.06,7.51
MPX,17.36,17.83
MYE,22.56,23.0
NC,23.13,19.87
OCN,31.51,28.05
PLOW,44.73,44.93
SAH,49.34,52.86
SON,65.46,66.59
AKR,20.89,22.52
AT,3.03,2.91
BFa,71.35,69.25
BOH,90.89,94.08
BRFS,3.88,4.27
CAL,23.31,23.13
CBB,15.43,15.45
CIT,53.29,56.51
CMD,87.91,88.57
CS,10.57,11.11
CW,127.9,128.58
LCII,146.5,142.95
EXP,138.14,148.9
FSS,41.43,42.24
GBL,19.68,19.63
GTN,20.32,20.19
HBM,7.47,7.79
HHC,107.94,106.53
IPI,32.16,28.71
JWa,56.94,58.03
NLS,16.76,16.34
PAR,82.14,78.05
RDSa,38.0,40.76
RDSb,35.81,38.97
STAR,18.51,18.67
SFUN,11.8,11.19
SID,9.02,9.15
STAG,36.51,37.05
STNG,18.14,20.99
SUI,166.83,167.54
RFP,13.52,15.22
ABM,51.41,54.66
ABR,17.68,17.97
AER,58.25,59.65
CCC,27.93,27.26
CNA,46.93,47.96
CVE,7.77,8.17
DCI,62.88,64.97
DLB,101.47,104.7
DSX,3.74,3.91
EGO,9.87,9.33
ELY,28.95,29.24
FCN,138.85,131.88
FOR,25.34,25.88
GEFb,59.81,64.26
GPX,15.75,16.42
HNI,42.34,43.33
HNP,14.33,14.41
LTC,42.53,41.96
LXU,5.99,5.78
SWX,69.72,72.44
SXC,6.75,6.82
ADC,70.36,71.44
AYI,185.52,193.31
BRO,53.18,54.07
CLH,88.96,88.65
CRDa,10.49,10.77
CRDb,9.52,9.99
BXMT,32.49,33.13
EQC,28.8,28.99
DHX,2.92,2.96
DPZ,422.34,440.11
DX,20.2,20.44
EGY,2.4,1.95
ORAN,12.52,12.88
GTY,31.58,32.26
H,82.33,81.53
HSBC,31.22,30.85
HL,5.91,5.66
TRQ,17.61,19.82
KOS,2.86,2.85
LAD,384.38,390.59
SR,75.34,80.95
MDU,33.46,34.45
MG,11.13,12.05
NL,7.1,6.24
NOAH,44.05,42.53
NPTN,9.36,10.26
NWE,68.03,66.91
OMI,36.09,37.82
PRA,25.0,25.6
PRO,42.98,42.68
QUAD,3.6,3.43
RBC,144.43,143.6
RLJ,16.14,16.81
RELX,26.08,26.72
RWT,11.11,11.26
SCX,6.11,6.11
ACCO,8.58,8.7
B,49.92,49.15
BBL,60.5,63.35
BFS,43.18,44.05
BKH,68.98,70.24
BMI,93.39,94.24
BMO,94.34,95.46
BRT,18.83,18.97
BXS,29.59,29.07
BYD,66.15,69.03
CPA,86.5,84.18
CUK,23.91,24.79
DHT,5.9,6.14
LEAF,8.86,9.05
ENZ,3.07,2.9
HAE,67.26,61.08
EHC,84.86,86.86
MDC,58.66,62.66
MOV,31.37,33.57
MTN,325.16,318.99
NP,53.17,51.29
NPO,85.65,88.94
PAM,13.42,14.16
RDN,24.64,25.29
SB,3.59,4.79
SKX,48.49,50.92
STL,25.13,25.05
ALG,157.25,163.73
EME,119.8,123.07
FF,12.7,11.54
FLY,16.92,16.91
FNV,139.24,142.55
GEF,60.51,61.76
HI,49.09,50.91
PLT,39.99,40.88
AL,46.71,44.15
ALX,277.24,286.6
ATR,150.81,152.87
BKU,46.61,47.79
BMA,13.37,11.48
CHS,3.0,3.05
CVI,21.29,21.15
DIN,96.65,102.82
FUL,66.82,68.13
ITGR,93.88,97.75
GDOT,45.76,42.77
GEO,5.51,5.11
NEU,346.59,349.95
SRI,33.25,33.07
TAC,9.83,9.98
BAP,119.4,119.43
CLS,8.33,8.08
CMRE,10.52,10.31
DRQ,30.65,32.48
ENV,73.83,72.56
FBP,12.57,12.62
FRO,7.64,7.97
GIB,88.46,89.3
HUBB,192.01,199.17
HZO,56.8,60.2
IVC,9.03,8.87
JMP,5.56,5.39
LENb,80.57,83.73
MTRN,70.81,70.55
MXL,35.99,33.23
NSP,87.54,87.62
PRI,159.77,162.04
RAD,17.52,19.24
SCS,13.8,14.43
AGRO,9.31,9.07
AHC,2.0,2.06
AMRC,52.79,50.87
BCO,79.92,79.61
BCS,9.57,9.82
CIA,5.84,6.12
CRY,29.18,30.12
DCO,58.93,56.89
GFF,27.12,28.03
GNE,5.6,5.24
HEIa,126.28,122.34
IAG,3.13,2.92
ING,12.74,12.97
JOE,45.79,44.94
LZB,44.46,45.44
MCS,19.96,20.7
MED,227.09,217.07
POL,50.77,50.38
SDRL,0.22,0.22
SKY,44.43,45.29
SOL,9.63,9.72
SSW,13.78,13.97
SYX,42.72,42.4
TBI,28.3,28.29
AVA,46.02,44.83
CHE,476.61,452.42
DAC,54.29,56.39
DBD,15.01,15.24
DLX,44.02,45.09
ERJ,11.05,12.75
EXPR,3.05,2.31
G,47.53,46.86
GCO,50.0,49.68
AJRD,46.72,46.11
HSC,17.93,17.35
HXL,56.41,58.44
IDA,102.48,104.26
KMPR,78.06,79.59
MKL,1176.42,1209.94
MMS,91.64,95.74
MTOR,27.03,25.28
NTZ,14.39,15.69
NVS,85.24,84.86
PSO,11.5,11.81
ROG,195.84,192.92
SCL,130.66,134.57
SNX,121.2,121.55
SRT,8.13,7.24
STE,211.02,219.63
STN,46.83,49.33
EQNR,20.27,20.13
ALE,70.36,72.36
AXR,10.7,11.11
BDC,43.28,42.77
BRC,54.57,56.03
CATO,13.4,14.05
CBT,54.88,54.06
CR,94.06,94.28
CUB,74.84,74.14
DEO,179.35,180.77
GLT,14.72,15.45
HEI,140.8,134.38
KAI,178.03,201.55
LDL,36.85,38.62
MD,26.32,27.76
MOGa,86.55,85.56
MTZ,104.36,104.47
NNI,74.23,74.44
REV,11.87,10.93
RGS,12.94,13.53
CALX,42.29,45.67
CUBE,42.34,43.96
EBF,20.73,20.16
EDN,3.7,3.13
GGG,76.8,75.74
REDFY,0.18,0.09
AVVIY,11.11,11.06
SKHHY,27.67,26.58
NJDCY,29.06,29.43
ASXFY,56.12,63.65
SKBSY,27.28,27.03
FOJCY,5.27,5.33
VEOEY,31.84,33.05
YZCAY,11.98,11.93
CCHGY,34.34,34.93
SIEGY,83.36,88.65
ZTCOY,4.89,4.3
SWMAY,41.2,42.16
LVMUY,150.84,160.09
MHGVY,24.64,25.5
TCEHY,79.66,81.39
OGZPY,6.09,5.85
PDRDY,41.0,41.46
AFLYY,5.59,5.25
AACAY,5.5,4.74
ELUXY,56.69,59.39
SKFRY,26.24,26.99
ACCYY,8.05,8.53
AHEXY,33.73,34.81
ADDYY,154.79,154.67
AVIFY,5.54,5.81
AGESY,60.65,62.33
AGLXY,6.99,6.18
ACGBY,9.66,9.91
AAGIY,50.86,51.18
EADSY,30.01,29.72
AJINY,20.0,21.9
AKBTY,1.25,1.15
AKZOY,39.94,41.06
AZSEY,26.01,26.38
ALBKY,0.36,0.36
ALSMY,5.42,5.4
AWCMY,5.33,5.6
AMADY,68.17,71.81
ALNPY,4.73,4.65
ANGPY,22.91,24.24
NGLOY,21.46,22.82
AHCHY,29.89,29.25
AMKBY,12.45,13.65
ARKAY,124.11,131.0
ARZTY,0.56,0.58
ASGLY,9.36,8.27
AHKSY,21.12,23.39
ASOMY,72.29,69.96
ASAZY,14.31,15.14
ASBFY,31.95,32.88
ALPMY,14.99,15.88
ATASY,9.76,10.06
ATLKY,60.79,62.69
ANZBY,22.08,22.92
RCEL,20.64,20.08
AXAHY,28.25,29.39
BAESY,28.15,29.27
BAFYY,8.6,8.48
BDORY,5.39,4.65
BACHY,9.91,9.54
BKRKY,14.03,14.27
BASFY,20.24,20.39
BAYRY,16.19,16.31
BMWYY,33.34,33.37
BBSEY,4.05,4.06
BDVSY,23.21,24.99
BNPQY,32.07,32.59
BHKLY,71.29,71.87
BXBLY,16.08,15.79
BRDCY,20.04,19.59
BTLCY,7.24,7.35
BZLFY,32.9,31.01
BURBY,28.25,27.6
BYDDY,41.43,36.1
CGEMY,36.54,37.3
CLLDY,5.67,5.84
CABGY,35.09,34.86
CRRFY,3.9,4.08
CPCAY,4.35,4.19
CJPRY,14.56,13.74
CPYYY,3.09,3.01
CICHY,15.77,15.92
CIHKY,40.3,41.56
CSUAY,8.32,8.0
CHRYY,24.72,25.47
CJEWY,15.91,16.41
CHYHY,23.03,22.11
CIOXY,0.67,0.6
CDEVY,5.9,5.49
CLZNY,21.17,17.45
CLPHY,9.91,9.98
CCLAY,10.06,10.54
CHEOY,86.39,84.24
CUYTY,14.85,14.85
CIBEY,3.64,3.98
CRZBY,6.6,6.68
CMWAY,68.68,71.93
CFRUY,10.22,10.35
CMPGY,22.01,22.58
CMSQY,10.98,11.2
CTTAY,13.55,14.05
CRARY,7.66,7.79
CSLLY,104.36,112.79
DNPLY,9.91,10.13
DSNKY,25.62,28.32
DKILY,20.3,19.8
DIFTY,26.77,27.72
DWAHY,29.59,27.95
DSEEY,5.29,4.95
DANOY,14.17,14.72
DNKEY,9.6,10.22
DASTY,231.94,242.38
DBSDY,89.49,89.8
DNZOY,32.31,30.4
DBOEY,17.14,17.3
DLAKY,13.09,13.13
DPSGY,58.9,59.95
DTEGY,19.28,19.77
DIISY,16.04,16.47
DNHBY,21.64,21.91
DQJCY,21.48,21.54
EJPRY,11.41,11.54
EDPFY,55.98,55.85
EGFEY,0.46,0.42
ESALY,65.58,68.3
ECIFY,2.87,2.99
EKTAY,13.3,13.43
ENGGY,10.85,10.59
ENLAY,9.89,10.15
XNGSY,68.29,67.93
EONGY,12.09,12.21
EBKDY,17.88,18.12
ESLOY,82.92,83.45
ETCMY,3.27,3.21
EXPGY,38.68,38.69
FANUY,23.07,23.16
FRCOY,81.93,80.43
FINMY,4.03,3.81
FPAFY,1.72,1.64
FSUGY,34.82,31.3
FSNUY,12.41,12.74
FUPBY,13.25,13.23
FUJHY,9.28,8.01
FUJIY,64.72,67.95
FJTSY,31.75,32.34
GZPFY,24.14,25.85
ENGIY,14.88,15.64
GELYY,52.05,49.92
GMAB,36.87,35.72
GEBHY,6.58,4.59
GNGBY,33.84,32.96
GVDNY,83.82,85.33
GLNCY,8.1,8.48
GOFPY,7.8,8.47
GBOOY,29.4,31.83
HLPPY,13.76,14.34
HSNGY,19.54,19.68
HVRRY,92.5,93.42
HDELY,18.28,18.46
HEINY,58.15,57.44
HLTOY,8.44,8.86
HLDCY,4.46,4.66
HENKY,24.81,24.66
HNNMY,4.87,5.14
HESAY,125.46,132.34
HTHIY,98.71,96.52
HCMLY,12.26,12.23
HOKCY,1.64,1.66
HKXCY,60.27,58.7
HOCPY,114.25,109.41
BOSSY,9.43,8.61
HSQVY,28.39,28.58
HYPMY,6.29,6.2
IBDRY,54.36,57.56
IMPUY,18.95,20.16
IMBBY,20.93,21.77
IDEXY,17.78,18.6
IDCBY,12.98,12.97
IFNNY,40.02,39.54
IFJPY,15.62,15.83
ICAGY,5.55,5.46
IKTSY,86.23,85.62
ISNPY,16.73,17.13
ISUZY,10.09,10.42
ITOCY,62.4,62.13
ITVPY,16.93,17.23
JSAIY,13.4,13.48
JMHLY,66.99,65.14
JSHLY,16.25,15.47
JBSAY,11.13,12.08
JRONY,36.66,39.78
JGCCY,22.9,23.59
JMPLY,90.6,94.52
NILSY,34.16,35.53
JSCPY,30.36,31.79
JBAXY,12.52,12.61
KAOOY,12.83,12.46
KPCPY,16.9,17.35
KWHIY,9.48,9.43
KBCSY,38.75,38.76
KDDIY,15.11,12.97
PPRUY,80.11,83.45
KCDMY,8.63,9.03
KGFHY,9.85,10.05
KNBWY,18.6,19.01
KHOLY,10.82,9.26
KMTUY,29.9,29.52
KNYJY,39.23,39.48
ADRNY,26.88,27.81
KUBTY,117.69,120.85
KLYCY,11.05,11.13
AIQUY,33.66,35.02
LGGNY,18.92,19.92
LLESY,10.19,11.09
LNVGY,27.36,27.65
LNGLY,0.09,-0.03
JSGRY,54.71,54.71
LZRFY,11.76,10.53
LZAGY,63.37,64.54
LRLCY,81.81,85.21
LUKOY,77.24,78.92
LYSDY,4.2,4.72
MQBKY,124.06,127.63
MRRTY,3.56,3.77
MAKSY,4.42,4.51
MARUY,83.52,80.68
MZDAY,3.85,3.38
MKKGY,35.21,35.12
MGDDY,28.94,29.45
MSBHY,27.7,27.28
MIELY,30.75,33.6
MITEY,16.51,16.7
MONOY,25.75,30.1
MRPLY,12.61,14.4
MSADY,14.23,14.67
MTNOY,6.36,6.38
MTUAY,125.67,129.38
MURGY,28.89,28.98
MRAAY,19.92,19.81
NPSNY,45.62,42.92
NABZY,10.22,10.4
NDBKY,10.2,10.46
NSRGY,119.53,120.36
NDVLY,2.64,2.64
NCMGY,20.53,18.58
NINOY,9.35,8.0
NPSCY,17.55,17.55
NPNYY,8.06,8.45
NSANY,10.04,9.21
NDEKY,41.44,41.35
NRDBY,10.39,10.69
NHYDY,6.36,6.39
NVZMY,71.19,73.26
NPSKY,18.47,18.47
OCPNY,20.93,20.72
OMRNY,75.72,78.79
OMVKY,49.36,52.35
OPHLY,8.74,9.46
ORKLY,10.32,10.69
OTSKY,19.11,20.64
PCRFY,11.82,11.1
PANDY,28.3,28.15
PSMMY,87.1,88.7
POFCY,0.88,0.84
PNGAY,21.87,22.86
BPIRY,1.2,1.44
POAHY,10.56,11.04
HGKGY,6.12,6.49
PRDSY,12.78,14.0
PMOIY,0.29,0.26
PTAIY,7.55,7.47
PPERY,8.46,8.94
PUBGY,16.12,16.38
QBIEY,7.51,7.62
RANJY,36.23,36.46
RBGLY,18.12,19.37
RDEIY,9.12,9.34
RTOKY,34.9,36.69
REPYY,11.95,12.5
RRETY,10.82,13.96
RHHBY,40.71,40.69
RYCEY,1.48,1.49
RDSMY,44.85,45.42
KKPNY,3.48,3.46
ROYMY,13.69,13.95
RWEOY,38.03,39.51
RYKKY,20.98,22.09
SAFRY,37.2,37.75
SGPYY,35.83,36.45
SAXPY,23.63,24.26
SCHYY,47.34,48.82
SDVKY,24.93,26.41
SLLDY,7.73,8.53
SNPHY,12.86,12.78
SSLZY,5.36,5.56
SPPJY,3.5,3.68
SBRCY,15.77,15.58
SBGSY,31.86,31.75
SCRYY,3.22,3.25
SOMLY,20.75,21.33
SEKEY,8.61,8.8
SKHSY,20.28,20.07
SVNDY,21.52,20.22
STRNY,34.32,37.09
SGSOY,29.55,29.84
SHCAY,4.18,3.92
SHECY,42.34,39.38
SSDOY,72.8,72.53
SRGHY,9.9,9.95
SMSMY,12.28,12.74
SINGY,7.59,7.46
SGAPY,18.74,19.21
SMCAY,29.11,31.63
SMGZY,22.94,23.72
SNMRY,11.12,11.19
SCGLY,5.7,5.72
SDXAY,19.97,20.71
SFTBY,45.1,44.41
SONVY,59.06,58.48
SPKKY,15.76,16.61
SSEZY,20.24,19.6
SGBLY,8.18,10.4
SEOAY,19.27,19.51
SUBCY,10.21,10.04
SZEVY,11.89,12.3
SSUMY,13.67,12.86
SMMYY,10.68,10.68
SUTNY,3.42,3.71
SUHJY,15.13,15.28
STBFY,16.83,16.87
SGTPY,5.72,5.39
SVNLY,5.74,5.86
SWGAY,15.25,15.67
SWDBY,17.74,18.13
SWRAY,8.11,8.02
SSREY,23.3,23.8
SCMWY,54.4,54.72
SYIEY,32.16,32.43
SSMXY,50.15,48.71
TAK,16.7,16.68
TATYY,44.35,45.81
TTDKY,136.35,128.51
TCLRY,0.12,0.13
TTNDY,91.56,95.17
TINLY,16.5,16.32
TELNY,17.8,18.29
TLPFY,193.19,193.45
TLSNY,8.23,8.5
TLSYY,13.07,13.33
TEZNY,22.04,22.58
TSCDY,9.15,9.3
THKLY,17.17,17.44
TKOMY,47.8,45.13
TOELY,114.0,115.92
TKGSY,10.2,9.74
TRYIY,12.43,12.44
TOSYY,20.92,21.3
TYIDY,80.75,81.71
TSYHY,21.51,19.7
TSRYY,7.72,8.33
TMICY,47.89,48.23
TUWOY,0.34,0.32
TKGBY,0.91,0.85
UBSFY,15.0,14.59
UCBJY,47.54,50.26
UNICY,7.73,8.45
UOVEY,39.95,41.19
UUGRY,27.2,29.15
USNZY,4.1,3.88
VLEEY,16.14,15.34
VLOWY,6.65,7.31
VWDRY,68.4,70.12
VCISY,27.36,28.29
VIVHY,34.75,36.19
VDMCY,8.67,10.31
VWAPY,25.97,26.29
WMMVY,32.8,35.87
WEICY,18.55,15.37
WEGRY,13.45,11.76
WFAFY,20.76,20.08
WJRYY,55.49,57.52
WARFY,5.99,6.03
WBRBY,7.75,7.33
WIMHY,14.8,14.38
WLMIY,39.21,40.32
MRWSY,12.13,12.79
WTKWY,90.33,90.47
WOPEY,17.55,16.65
WLWHY,3.44,3.67
WYGPY,8.44,8.44
WYNMY,19.18,17.9
YAHOY,9.18,8.81
YARIY,26.05,26.07
ZURVY,41.11,43.09
ASHTY,260.42,280.74
ATLCY,52.27,53.83
CLPBY,16.7,16.75
GLPEY,5.7,5.82
HENOY,28.61,28.2
COGNY,0.74,0.61
NTDOY,71.89,71.45
SMFKY,51.7,53.74
VWAGY,31.71,32.17
SOUHY,11.0,12.38
DSDVY,111.33,115.48
FRRVY,28.34,29.2
RNLSY,7.99,8.11
ESYJY,14.42,14.75
RXEEY,19.93,20.26
ACSAY,6.47,6.68
AEXAY,13.59,14.31
ALFVY,33.66,35.02
ATEYY,95.0,100.7
BNTGY,17.9,18.37
CAIXY,1.02,1.08
CKHUY,8.12,7.97
CODYY,12.6,13.49
DLNDY,3.81,4.57
DMLRY,22.15,22.94
EDNMY,28.49,28.11
GASNY,5.09,5.11
HXGBY,94.72,96.67
INVVY,10.5,10.24
JAPAY,9.74,9.54
JAPSY,10.71,9.83
JPXGY,11.75,12.91
JTTRY,22.4,24.86
KHNGY,59.4,60.7
LNSTY,25.87,27.02
MOR,23.95,23.73
NNGRY,24.96,24.96
OVCHY,18.54,19.54
PDYPY,105.4,110.87
RKUNY,12.71,12.49
SOMMY,25.82,27.61
TDHOY,6.12,5.98
WHGLY,17.41,17.14
YAMCY,54.39,58.66
ZLNDY,51.97,52.01
OLN,43.03,44.18
WOR,65.26,65.12
UFS,39.42,41.93
HUN,28.67,27.37
RPM,94.84,95.42
GRA,68.73,67.98
WLK,93.89,93.73
ESI,21.88,20.63
AXTA,31.89,33.38
CC,30.2,28.03
GCP,25.69,24.97
NGVT,78.08,72.9
ASIX,29.08,29.07
PRAA,37.68,34.76
SBNY,251.51,262.34
SEIC,61.44,59.52
TCBI,68.63,69.16
TRMK,32.41,33.91
UBSI,39.27,40.35
UMBF,97.03,100.69
UMPQ,18.64,18.7
WAFD,32.55,33.53
WTFC,77.1,74.35
SVC,12.31,11.64
TCF,45.52,48.96
FNB,12.89,13.72
RLI,111.46,109.47
WRE,23.22,23.99
WAL,105.07,107.53
WBS,52.91,55.12
HTA,29.37,28.96
RPAI,11.73,12.51
THG,138.31,139.59
VLY,13.77,13.86
WTM,1165.43,1172.64
Y,678.97,690.87
WRI,32.34,33.66
BPR,17.99,17.51
HR,32.16,33.22
CPT,120.48,123.79
DEI,33.54,34.1
ACC,45.21,44.65
AFG,122.86,128.33
WRB,79.72,79.96
OFC,28.04,28.02
SKT,17.45,16.92
PDM,18.62,19.06
CBL,0.12,0.07
FNF,45.62,46.43
ORI,24.62,25.7
SNH,4.41,4.46
NYCB,11.96,12.57
OHI,38.0,38.0
IVR,3.9,3.84
CXW,7.77,8.17
NNN,46.42,46.1
AXS,55.8,55.77
HIW,44.79,45.57
AGO,50.85,51.09
FAF,64.5,67.27
KRC,68.54,69.85
RYN,36.28,36.59
TWO,7.8,7.83
WDR,24.98,24.97
RLGY,17.28,16.3
ACGL,39.71,40.71
BPOP,73.96,72.92
CONE,72.83,70.08
VOYA,67.82,68.35
NRZ,10.72,10.44
DOC,18.73,18.94
SRC,47.54,46.3
WPC,74.89,76.02
GLPI,46.49,45.71
CXP,18.01,18.49
BRX,22.34,22.9
ALLY,51.45,52.34
OUT,24.37,24.53
NAVI,16.83,17.27
WPG,2.46,2.54
CLNY,7.0,7.2
AMH,37.04,36.56
STOR,35.79,36.03
PGRE,10.61,10.48
LC,15.39,16.48
UE,18.85,20.14
XHR,19.43,19.7
UNIT,11.4,10.18
APLE,15.86,15.8
FCPT,28.87,28.91
DFIN,30.56,31.35
TECH,427.49,413.01
WST,328.52,331.11
OPK,4.1,3.93
UTHR,201.56,201.05
BRKR,68.52,67.66
CYH,11.15,11.37
BKD,6.54,6.85
ICPT,19.78,22.01
BLUE,30.0,26.46
MNK,0.26,0.25
XON,7.74,6.17
KKR,56.58,56.15
AGIO,55.8,60.13
RARE,111.64,108.06
RDUS,22.3,20.79
CTLT,112.47,113.54
AVNS,43.21,42.52
TRGP,34.69,33.25
SLCA,10.65,11.62
WLL,40.07,37.69
OII,10.75,11.01
INT,30.93,30.2
SM,15.8,19.36
OGE,33.56,33.63
OAS,77.62,80.6
GPOR,0.05,0.01
PBF,14.18,15.07
AR,9.02,9.81
PTC,130.94,130.04
SATS,24.45,23.68
SLAB,140.95,145.24
SMTC,67.74,62.53
SSNC,74.22,71.65
SYNA,139.87,138.28
VSAT,51.79,52.55
Z,130.12,118.49
TYL,424.86,419.27
GWRE,105.51,97.32
PFPT,172.11,165.24
SPLK,126.42,115.14
EPAM,457.75,471.2
VRNT,48.57,46.85
DOX,76.74,80.82
AZPN,130.84,129.4
CVLT,69.51,70.61
NOW,506.37,470.12
PANW,353.39,326.65
CDW,178.33,193.42
FEYE,19.88,17.76
VEEV,282.45,286.38
SAIC,89.42,86.27
COMM,16.45,16.92
GRUB,68.04,69.61
CDK,53.59,54.81
LITE,85.05,82.82
ZG,133.35,123.39
UGI,43.71,45.64
POR,50.86,51.93
OGS,80.47,79.99
PKBK,21.12,21.89
PLBC,26.55,24.32
PMBC,8.67,8.78
PNBK,9.31,9.31
PNFP,87.64,86.15
PPBI,44.03,46.3
PROV,16.26,15.99
PWOD,24.0,23.22
QCRH,48.22,48.97
RBCAA,44.93,49.08
SBFG,17.86,17.44
RNST,42.13,42.49
RVSB,6.89,7.0
SASR,45.36,45.95
SBCF,36.35,38.89
SBSI,40.15,43.48
SSB,84.32,85.98
SFNC,28.5,29.65
SFST,51.5,55.25
SHBI,16.84,17.69
SMBC,41.89,42.62
SMMF,26.05,24.64
SONA,14.35,14.28
SRCE,47.59,49.25
SSBI,16.38,16.61
STBA,32.95,33.51
SVBI,11.84,12.47
SYBT,51.16,50.08
TBBK,22.2,23.53
TBNK,25.15,26.86
TCBK,46.28,49.6
TFSL,19.56,20.12
THFF,44.24,44.94
TOWN,30.98,31.21
TRST,7.32,7.53
TSBK,28.14,28.24
UBCP,15.0,15.16
UBFO,8.28,8.78
UBOH,29.44,28.32
AUB,38.67,39.83
UCBI,32.72,34.26
UNB,33.0,32.95
UNTY,22.05,22.14
FUSB,10.29,10.14
UVSP,27.93,28.36
WABC,63.4,65.58
WASH,51.05,51.61
WNEB,8.1,8.25
WSBC,36.29,36.41
WSBF,19.7,19.47
WSFS,51.09,51.81
WTBA,26.26,27.27
WVFC,16.2,16.2
PEBO,33.43,33.86
ONB,18.9,19.96
SAL,46.47,48.03
BOTJ,14.99,14.93
FSBW,68.35,66.91
HBMD,16.84,17.9
HMST,40.84,40.28
HTBI,27.4,32.7
GGAL,7.49,6.91
CHMG,42.5,48.46
CNOB,27.15,27.29
INBK,34.35,32.83
SFBC,39.99,43.19
ESXB,8.38,8.68
IBTX,75.51,79.08
TSC,23.87,23.73
TCFC,36.12,37.79
FRBA,12.69,12.47
STND,32.88,33.22
FNCB,6.93,6.45
CLDB,23.55,24.15
CARE,12.95,14.5
BWFG,27.01,28.8
SFBS,63.24,66.16
PFIS,42.65,46.52
FMBH,43.54,47.51
MBCN,22.38,23.76
VBTX,33.78,34.41
CBFV,21.5,21.34
FFWM,23.8,21.67
LMRK,12.78,13.12
TBK,88.63,101.53
ICBK,23.64,23.29
FNWB,16.78,17.53
PUB,41.75,46.38
RBNC,27.63,28.69
LOB,63.96,62.24
PVBC,16.37,17.16
ABTX,39.6,39.45
ACBI,26.75,26.64
FGBI,17.37,17.31
CATC,87.55,87.34
FMAO,23.5,24.24
FVCB,17.59,17.95
NCBS,79.76,88.2
EQBK,29.26,30.16
SMBK,23.69,24.19
MSBI,28.18,28.31
HONE,14.31,12.68
RNDB,20.3,18.96
FHB,27.46,27.03
CSTR,19.19,19.74
PCSB,17.49,18.0
CFBI,12.45,12.82
GNTY,38.9,37.74
ESQ,22.95,22.98
RBB,21.08,21.6
BPRN,29.85,29.87
PDLB,11.08,11.09
FDBC,56.26,52.4
FFBW,11.2,11.54
MBIN,40.79,41.17
CBTX,31.27,34.99
SBT,4.95,4.97
LBC,11.14,11.09
MVBF,40.28,43.32
FCBP,32.02,32.86
BWB,16.91,17.43
OPBK,10.88,11.42
STXB,23.17,23.8
BFST,23.77,24.47
OBNK,43.73,46.29
BCML,18.09,18.16
LEVL,27.03,28.3
CLBK,18.27,19.59
CCB,29.77,30.99
MYFW,25.67,26.29
MSVB,15.1,15.1
AMAL,16.15,16.82
PCB,15.8,16.64
RIVE,10.36,11.04
AMTB,18.95,19.5
AMTBB,16.06,16.84
BSVN,17.71,17.85
CBNK,21.97,23.24
CBMB,14.55,13.75
BFC,72.32,76.49
RBKB,10.45,10.65
FXNC,18.18,19.79
RRBI,55.64,58.54
MNSB,21.2,21.61
MCBS,16.01,14.88
HBT,18.2,18.36
EYPT,10.69,8.7
RIGL,3.72,3.01
SGMO,11.78,10.36
SIGA,7.17,6.77
SPPI,3.11,2.7
INVA,11.45,11.24
PRTK,7.65,7.46
VNDA,16.6,16.6
ZGNX,18.89,17.73
SVRA,1.9,1.89
INO,6.81,4.87
CCXI,48.33,43.03
SUPN,30.45,29.9
VSTM,3.07,3.19
ABUS,3.47,2.82
ANIP,33.28,31.29
AMRN,5.09,4.72
EXEL,24.62,24.02
PRTA,26.54,25.34
ENTA,50.74,50.35
EPZM,7.81,7.19
GWPH,219.0,222.45
PBYI,9.86,8.8
XLRN,124.97,126.87
ESPR,26.95,25.14
FATE,87.39,72.36
MRTX,166.22,143.58
NSTG,79.67,81.27
PTCT,41.21,39.43
MGNX,32.36,34.04
KPTI,9.34,7.8
AERI,17.13,18.43
VCYT,49.75,43.8
XNCR,42.56,37.87
ELOX,2.18,1.7
IOVA,31.44,22.73
EIGR,8.49,6.68
CNCE,4.15,2.88
EGRX,40.83,39.65
QURE,32.27,28.81
GLYC,2.4,2.04
ITCI,34.43,33.66
FLXN,7.76,7.58
CARA,12.95,9.78
AKBA,3.19,3.22
RTRX,24.72,24.94
DRNA,31.19,30.06
RVNC,29.12,28.02
ADMS,5.64,5.36
CBAY,4.33,3.26
AMPH,17.4,16.87
TBPH,19.74,19.93
ZFGN,13.31,10.85
NERV,2.38,2.17
OCUL,18.38,16.29
ADVM,3.9,3.79
SAGE,78.76,70.13
AUPH,13.27,11.59
PRQR,6.22,6.01
ATRA,14.06,13.07
PRAH,166.89,169.1
FGEN,22.32,28.56
SYNH,84.85,86.07
DBVT,6.53,6.84
XENE,18.32,19.35
ASND,144.97,120.16
RCKT,45.84,41.1
TXMD,1.21,1.08
ADRO,17.95,16.72
CRBP,1.8,2.25
BPMC,96.32,95.91
ADAP,5.66,4.51
COLL,22.3,22.84
GLPG,77.77,81.16
AXGT,2.8,2.15
CLLS,18.61,14.73
MCRB,20.81,16.71
GBT,40.78,41.94
SYBX,3.49,3.62
NVCR,204.1,214.95
RGNX,34.69,29.76
ACRS,23.85,24.09
CTMX,9.36,8.58
KURA,26.93,24.53
SBBP,2.54,2.18
VYGR,4.82,3.77
WVE,6.15,6.22
PTI,16.74,17.3
BGNE,343.54,339.33
EDIT,37.01,20.69
HCM,28.29,26.23
AGLE,7.78,7.44
RETA,101.4,89.76
NTLA,76.77,70.36
SYRS,6.04,3.02
MEDP,169.68,170.01
ACIU,6.76,5.92
CRSP,131.27,110.94
ANAB,23.35,23.63
TOCA,36.19,35.46
URGN,19.45,18.48
ARGX,286.71,307.06
GTHX,21.07,18.9
ATNX,4.01,2.82
KALA,7.73,7.23
PETQ,42.6,43.35
ZLAB,166.21,180.96
DCPH,46.37,43.65
RYTM,21.56,15.76
OPTN,3.57,3.3
APLS,50.67,52.23
QTRX,61.14,54.05
DNLI,60.44,57.8
TORC,15.93,14.86
SLDB,5.09,5.48
EOLS,9.11,8.54
FIXX,6.77,4.41
UMRX,8.69,8.16
UBX,4.97,4.09
SURF,7.31,4.24
KNSA,16.46,15.9
APTX,2.68,2.19
MGTA,11.65,13.14
XERS,3.83,3.09
AVRO,11.68,8.28
TCDA,4.65,4.32
STIM,10.5,11.05
TBIO,23.22,24.28
AUTL,5.82,4.63
ALLK,109.12,101.28
RUBY,25.02,30.92
REPL,36.59,42.76
AQST,4.07,3.26
CRNX,17.31,16.25
PLAB,12.7,12.61
PLUS,100.36,98.95
POWI,82.81,75.17
PRFT,65.61,68.46
PRGS,43.66,43.98
PXLW,2.95,2.74
QADA,70.69,72.27
QADB,49.24,56.76
RCMT,3.59,2.96
QUMU,5.5,5.18
RNET,9.6,9.96
CREX,1.4,1.21
SCSC,30.23,29.96
SGOC,1.63,1.94
SILC,42.79,41.55
SIMO,71.82,69.89
SLP,63.14,60.31
SMSI,5.62,5.36
SNCR,3.34,3.0
SPNS,32.36,31.46
SPRT,3.8,2.91
SPSC,102.44,101.63
SSYS,22.41,21.37
STRM,2.11,2.22
TACT,12.71,12.88
TSEM,28.3,26.89
XPER,20.55,20.26
UCTT,51.07,58.28
OSPN,26.81,27.33
VNET,27.91,25.65
WIFI,13.96,13.24
WSTG,24.5,25.34
ZIXI,7.89,7.14
LOGI,110.88,108.18
BCOR,14.4,13.15
GVP,1.37,1.45
PCYG,5.29,4.5
TCX,78.61,81.14
XSPA,1.37,1.47
NEON,8.45,8.08
IDEX,2.94,2.43
BCOV,14.52,13.57
NXGN,18.31,17.29
QLYS,101.36,99.29
MRIN,1.79,1.5
BNFT,13.52,12.89
GOGO,10.42,9.95
PINC,35.35,34.88
WIX,317.88,303.97
CRTO,39.73,39.06
SSNT,6.71,7.43
DRIO,21.68,29.66
AEYE,25.3,17.29
SHSP,16.5,11.77
FIVN,187.97,167.45
TWOU,39.25,32.43
VRNS,52.95,50.03
WB,50.4,56.07
INPX,1.16,1.06
MTLS,29.92,17.48
ANY,1.97,2.17
CYBR,140.5,125.9
NXTD,0.88,0.74
UPLD,49.56,50.51
MOMO,14.66,14.69
BZUN,34.71,35.63
ALRM,89.76,83.3
APPF,144.63,135.8
RPD,81.25,69.13
SITO,0.14,0.29
BRQS,1.1,1.21
MTCH,155.63,138.87
MIME,43.42,42.89
TEAM,237.56,229.21
SCWX,13.01,13.48
MYSZ,0.99,1.13
PI,47.46,46.21
ATOM,16.64,14.11
TLND,64.41,65.5
EVBG,132.71,113.27
NTNX,27.04,25.4
TRHC,47.56,44.47
COUP,269.04,236.87
MRAM,5.25,5.22
BL,116.06,115.19
GDS,82.97,79.72
GTYH,5.1,4.15
ICHR,55.77,57.97
OKTA,269.7,258.56
VERI,24.12,22.74
APPN,121.18,106.98
SGH,46.15,52.51
XELA,1.95,1.77
XAIR,6.14,4.67
RMNI,7.87,7.06
MDB,297.46,264.63
RMBL,38.23,39.76
ALTR,65.0,65.28
SFET,1.36,1.12
ACMR,78.95,71.99
BAND,132.2,119.76
AMRH,2.38,2.0
OSS,5.32,5.36
KERN,4.22,4.03
ZS,187.64,152.97
DBX,25.7,25.88
RDVT,20.8,19.99
LASR,29.34,29.85
DOCU,222.94,201.12
AGMH,12.23,12.21
CLPS,4.21,1.52
IIIV,33.22,32.91
DOMO,64.29,69.16
TENB,37.49,34.9
OPRA,10.85,11.83
JG,3.53,-0.04
PT,0.9,0.62
QTT,2.3,2.14
SVMK,17.99,16.46
CVET,28.65,28.05
SLGG,5.38,6.86
PBTS,1.72,1.76
SCPL,17.65,16.78
YJ,2.03,2.1
MWK,21.7,18.85
CRWD,208.51,186.48
DOYU,9.11,8.9
HCAT,57.9,62.56
DDOG,85.77,85.35
DUO,4.25,3.42
KRKR,3.04,1.51
ROIC,17.6,18.09
SIGI,76.14,78.51
TREE,206.49,190.02
SBRA,18.17,18.29
CTRE,24.18,24.05
FSV,162.25,163.23
KNSL,174.01,156.47
BHF,46.79,47.19
NMRK,10.75,10.85
PKOH,36.31,35.93
PLCE,78.35,80.51
PLUG,28.51,31.97
PLXS,92.44,94.88
PNRG,42.27,46.83
POOL,422.52,418.61
POWL,35.24,35.41
PRIM,32.66,29.87
PRMW,16.74,16.84
PRSC,140.08,139.87
PRTS,17.28,17.93
PSMT,84.04,83.83
PZZA,96.72,99.09
RAVE,1.34,1.29
QNST,20.27,20.21
RADA,13.19,12.91
RAIL,7.93,6.89
RAVN,40.62,39.52
RBCN,10.35,10.09
RCII,57.55,55.83
RCKY,52.65,55.96
RCON,8.58,8.93
RDCM,9.7,9.82
RDI,5.98,6.11
RECN,14.11,13.87
REFR,2.56,2.36
RELL,7.61,7.77
RFIL,6.45,6.82
RGCO,21.69,20.77
RICK,72.81,74.61
RMCF,6.05,6.09
RNWK,2.6,2.55
ROCK,91.86,89.54
UONE,5.15,5.39
UONEK,2.41,2.72
ROLL,199.43,204.91
RRGB,36.36,41.22
RUSHA,49.36,50.35
RUSHB,43.79,45.94
RUTH,26.11,27.3
SAFM,164.53,170.49
SALM,2.01,2.43
SANM,40.84,40.88
SANW,3.78,3.78
SBGI,32.47,32.43
SCHL,30.33,32.08
SCHN,47.21,48.34
SCOR,3.69,3.46
SCVL,59.95,64.39
SEED,14.9,12.91
SENEA,46.06,44.15
SGC,25.22,23.92
SGMA,5.11,5.15
SGMS,58.52,65.66
SGRP,1.69,1.68
SHLO,0.12,-0.01
SHOO,40.67,40.41
SLGN,42.17,42.15
SMED,17.49,18.1
SMIT,6.19,7.07
HLIO,72.28,75.07
SPEX,1.03,1.03
SPTN,19.37,20.06
FTFT,3.89,3.22
SREV,1.48,1.3
SP,34.33,34.11
STKL,12.39,13.11
STMP,205.37,209.71
STRA,75.06,64.54
STRL,20.85,21.13
STRT,43.9,42.23
SUMR,18.04,14.83
AOBC,17.4,16.41
SYKE,43.83,45.82
SYNL,9.11,9.92
SYPR,3.58,2.59
TAIT,4.11,4.45
TAST,5.89,5.47
TATT,4.98,4.44
TAYD,12.18,11.97
TGA,1.59,1.79
TITN,26.11,25.84
TLF,4.15,4.22
TRNS,50.0,53.48
TRS,31.84,30.58
TSRI,9.34,10.17
TTEC,101.73,107.47
TTEK,127.63,124.99
TTGT,76.7,79.07
TTMI,15.0,14.54
TWIN,10.55,10.69
TWMC,22.0,28.39
TXRH,107.02,109.64
UEIC,56.85,55.71
UEPS,5.63,6.0
UFPI,84.04,88.06
UFPT,50.06,50.08
UG,14.62,15.25
UHAL,596.63,610.09
ULBI,7.9,7.97
WWR,4.43,3.46
USAP,9.14,9.0
USCR,63.41,66.28
USEG,4.1,4.38
USLM,138.18,138.12
VALU,30.54,32.59
VECO,23.01,21.71
VICR,92.23,83.67
VIRC,3.19,3.32
VLGEA,24.38,25.39
CMPR,95.26,97.58
VRA,11.1,13.12
VSEC,43.15,42.61
IMBI,7.39,7.55
WDFC,248.74,248.23
WEYS,19.67,17.67
WILC,22.65,22.87
WINA,192.57,196.15
WIRE,74.68,71.46
WLDN,38.17,37.72
DCAR,5.53,6.09
WVVI,13.1,13.88
WWD,125.01,121.15
YORW,51.64,51.62
ZBRA,487.74,510.16
ZEUS,29.05,29.67
ZN,0.62,0.34
ZUMZ,42.97,44.36
ZVO,3.71,3.4
PPC,23.96,24.23
PVAC,13.63,13.49
AVT,43.92,43.81
SGA,22.53,23.07
ZNGA,10.82,10.18
PDCE,36.51,39.5
EVK,2.27,2.12
FLL,9.76,9.61
ITI,6.75,6.31
MPVD,0.46,0.45
OESX,6.02,4.96
TA,27.49,24.71
TGLS,11.96,11.73
CLIR,4.78,4.62
CSTE,13.96,13.13
CUI,4.21,4.7
CZR,97.84,98.84
DLHC,10.19,10.28
ENPH,139.25,131.38
FIVE,201.27,204.77
FRGI,14.74,15.38
BURG,2.37,2.45
MTSI,56.61,52.59
HEAR,27.79,26.46
REGI,55.52,50.17
BLMN,31.6,33.08
CHUY,48.86,52.77
WW,27.74,27.81
ICON,1.96,1.97
WPRT,6.83,6.63
YTEN,9.25,8.13
FOSL,12.9,14.81
ANGI,16.01,16.41
WEN,22.57,22.57
GRPN,50.63,55.38
LECO,128.05,125.6
ESLT,137.06,142.07
VC,121.81,114.61
TZOO,15.76,14.8
AMCX,50.28,58.69
CENX,15.66,17.23
MLCO,19.29,19.56
PENN,89.12,83.98
TRMB,82.0,81.37
AMBA,97.49,93.25
LFVN,8.13,8.35
TRNX,0.03,0.02
VTNR,1.36,1.54
XONE,23.25,21.55
HMTV,12.22,13.85
IPDN,1.75,2.13
MICT,1.65,1.49
APPS,75.43,69.79
NRC,51.3,52.72
SPCB,1.38,1.28
LIND,16.39,15.14
FOXF,153.23,172.35
MBII,1.69,1.32
NVEE,90.13,90.65
NDLS,12.09,12.03
SFM,25.61,27.8
PPSI,4.03,3.05
SQBG,25.0,22.95
PBPB,6.11,6.36
LGIH,165.78,173.34
STAY,19.89,20.88
HBP,4.01,3.75
IPWR,9.45,9.25
RIBT,1.07,1.03
HMHC,9.08,9.25
TRCH,2.12,1.82
REED,0.98,0.9
GNUS,1.77,1.54
WKHS,12.39,10.06
PAYS,3.82,3.47
EVSI,34.43,23.13
WTER,1.13,1.0
RILY,71.29,71.33
CETX,1.69,2.05
CYRX,56.57,60.8
STAF,0.62,0.66
VUZI,23.07,29.5
VTSI,5.9,5.63
MKGI,3.07,3.48
SGLB,3.8,3.59
YGYI,0.33,0.48
BKYI,3.45,3.24
CODA,8.0,9.09
AMTX,18.23,20.68
CELH,57.3,60.97
BLNK,36.8,27.45
OPRX,50.46,44.05
SRAX,3.93,3.25
ALJJ,1.43,1.36
CDXC,8.88,7.95
EPSN,3.97,3.75
GWRS,17.05,16.11
NHTC,7.28,7.57
LPCN,1.41,1.51
TACO,11.4,10.5
BLBD,26.94,27.99
PFIE,1.22,1.33
NVFY,2.73,1.8
TEDU,3.75,3.92
AMRK,37.27,33.34
WATT,3.12,3.06
PCTY,193.24,182.19
MBUU,83.36,79.92
LE,23.04,21.72
AGFS,2.12,1.93
SPWH,17.56,17.19
SABR,14.98,15.58
PAHC,24.52,25.55
TOUR,2.8,2.93
TRUE,4.6,3.86
GPRO,11.23,12.28
AY,38.55,35.47
QRHC,3.81,3.89
TGEN,1.66,1.52
VNOM,18.01,18.65
XNET,5.31,5.5
LOCO,16.94,16.47
TRUP,81.1,76.82
EFOI,3.68,3.59
MARA,36.78,38.06
FWONK,46.94,47.31
MTBC,7.86,7.22
MYOS,13.46,12.78
SPKE,10.58,9.91
WHLM,5.34,5.84
LTRPB,37.05,46.41
LMB,11.02,10.05
LTRPA,5.06,4.43
PLAY,45.66,49.56
APDN,6.87,8.48
FRPT,184.82,186.8
INSE,8.25,7.76
LBRDA,157.67,151.51
LBRDK,162.72,158.13
KE,23.01,22.55
TPCO,17.44,17.75
INOV,30.21,32.06
TANH,1.27,1.3
ETSY,198.79,181.12
KRNT,97.76,97.32
SEDG,263.54,227.16
STKS,9.3,9.62
MYT,2.65,1.98
DTEA,3.35,3.31
NEXT,2.21,2.01
WING,158.41,162.3
DHXM,2.23,2.19
LILA,13.89,14.09
LILAK,13.95,15.05
JMU,5.99,7.86
HLG,49.9,45.66
AQMS,2.97,2.49
GPP,11.88,13.77
MCFT,28.36,24.97
OLLI,92.27,93.39
RUN,49.0,33.01
USIO,5.95,6.31
CSWI,135.41,143.41
TH,2.79,2.71
PRPL,34.08,34.15
NBEV,2.19,2.09
AKTS,11.23,11.05
DLTH,15.47,17.74
TWNK,15.29,15.11
CCRC,6.19,6.79
NAKD,0.71,0.11
SPI,6.73,6.84
NNDM,7.34,7.19
BATRA,27.99,26.41
BATRK,27.69,28.57
LSXMA,45.19,45.67
LSXMK,45.23,43.49
CDEV,4.24,4.63
RRR,36.63,37.71
INNT,1.22,1.05
ESTR,0.06,0.21
TPIC,53.15,43.35
VTGN,2.53,2.59
WTRH,2.46,2.25
TTD,729.31,658.0
FLNT,3.72,3.19
TYHT,11.14,14.01
WORX,1.63,1.46
IEA,13.18,10.47
TUSK,3.82,4.15
FRTA,23.46,24.19
SND,2.42,2.35
PHUN,1.59,1.24
SNES,1.56,0.83
PRTH,6.95,6.84
POLA,11.2,11.18
TRVG,3.58,3.92
YTRA,2.05,2.09
HEBT,15.01,13.03
VVPR,7.6,6.17
LAUR,13.75,13.31
METC,4.05,4.1
IFMK,1.43,1.92
PLYA,7.36,7.66
VRRM,13.44,13.23
NCSM,25.4,24.6
ALTM,60.0,60.6
NESR,12.69,13.31
SSTI,34.94,33.58
BOMN,28.02,26.98
PIXY,3.11,2.66
SGBX,3.68,2.03
NEWA,3.42,3.33
EAST,1.84,1.67
CSSE,30.48,32.98
BBCP,8.13,7.87
ZKIN,6.21,5.66
HFFG,6.23,5.93
SECO,2.45,2.33
ROKU,342.97,321.66
FUV,10.31,9.23
PETZ,2.28,0.49
CARG,24.68,22.35
LIVX,4.29,3.83
FAT,9.56,9.57
REDU,3.38,2.57
EYE,50.41,48.02
AESE,2.7,2.84
FNKO,21.54,23.6
SNBR,111.89,117.1
BHTG,1.5,1.54
KXIN,2.63,1.79
SFIX,43.32,45.73
OSW,10.65,11.22
RETO,1.16,0.85
BOXL,2.58,2.26
ICLK,12.9,13.98
DOGZ,1.66,1.14
DLPN,11.11,10.89
CDLX,137.53,136.72
FLMN,4.44,4.36
FAMI,0.45,0.37
CRON,8.14,8.1
LAZY,24.75,21.07
VERB,1.16,1.06
BILI,110.86,91.29
IQ,14.71,15.87
HHR,41.09,39.79
ROAD,31.73,28.99
LOVE,73.27,75.81
EVOP,28.51,28.36
GSKY,6.09,6.69
JRSH,6.6,6.38
EDNT,2.58,1.44
PLL,70.7,76.63
UXIN,3.01,1.92
EVER,33.87,32.09
HQI,18.34,18.41
WRTC,5.88,5.26
HYRE,13.4,14.36
TLRY,18.34,14.52
BRY,6.11,6.37
SONO,40.03,40.82
RPAY,22.85,21.35
PDD,133.93,119.24
WISA,2.63,2.19
CMLS,9.61,9.86
SOLO,4.15,4.28
SIC,7.53,6.81
GRNQ,1.93,2.69
KLXE,7.71,7.04
FTDR,53.53,53.65
DOOO,91.92,93.57
YI,12.46,10.79
VIOT,7.79,8.03
ARCE,25.66,20.78
UPWK,46.06,44.37
NIU,37.36,36.41
OGI,2.65,2.23
STNE,64.64,59.51
TC,3.97,4.06
LEGH,17.86,19.37
NFE,42.52,37.72
TBLT,0.76,0.74
HOTH,1.51,1.58
AREC,3.21,2.48
VFF,11.17,10.43
LYFT,55.66,55.97
FRHC,50.28,48.64
TW,81.28,82.59
GNLN,4.4,4.52
BYND,131.68,119.7
WAFU,8.17,8.5
ATIF,1.11,1.06
LK,7.97,8.54
RTLR,11.35,10.9
IHRT,19.14,20.18
GO,40.39,41.16
REAL,24.77,25.19
KRUS,36.01,38.95
SNDL,0.86,0.43
BHAT,1.16,1.11
XPEL,64.1,62.14
PTON,98.35,84.94
HAPP,1.78,1.53
MOHO,1.81,1.33
SAFT,82.03,80.41
STFC,18.88,18.81
FNHC,5.09,4.98
UFCS,30.26,30.81
AFH,0.58,0.73
UIHC,5.59,5.13
AMBC,17.15,17.22
COOP,34.48,35.89
PIH,7.22,7.65
OXBR,2.02,1.93
GWGH,7.1,6.81
JRVR,47.11,45.92
CNFR,3.19,3.67
NODK,19.15,20.6
GSHD,109.94,94.55
WTRE,34.86,35.84
PLMR,70.36,66.16
BRP,29.02,28.62
VIPS,30.77,31.26
YY,95.06,101.37
SSTK,87.18,94.98
ATHM,92.73,91.6
BABA,230.95,218.54
W,295.57,315.47
NEWR,64.3,65.39
GDDY,86.82,86.33
SNAP,61.82,59.26
SWCH,18.57,19.53
SE,252.54,236.74
SOGO,8.45,8.75
EB,23.57,24.29
PLAN,59.65,55.83
PICO,9.05,8.48
SIEB,4.01,2.23
SNFCA,8.44,8.54
STRS,35.15,35.06
VRTS,273.46,256.96
WETF,6.78,6.7
WRLD,130.74,134.26
WRLS,7.07,7.13
OPI,27.75,29.21
CMCT,11.2,10.75
PFMT,2.1,2.4
MGI,6.9,7.44
CG,42.66,40.67
ASPS,6.3,5.36
LAND,20.99,21.5
WHLR,4.22,4.24
KBSF,2.82,2.8
HCAP,9.05,10.15
QIWI,10.55,10.53
CPTA,19.65,18.77
GLG,1.32,1.14
TIPT,10.01,12.81
SAMG,13.91,14.75
NMIH,25.84,24.1
DMPI,1.35,1.13
IZEA,3.67,4.3
ABIL,0.33,0.1
ICMB,5.77,5.74
HNNA,9.68,9.57
ISTR,22.11,22.9
MMAC,17.08,15.71
VIRT,29.63,30.29
BPY,17.99,18.85
WSC,29.27,28.84
PMTS,15.55,22.44
ASPU,4.77,3.22
MOXC,5.94,6.84
LMFA,5.45,3.53
RMR,39.58,38.67
TMSR,3.21,2.49
SELF,4.97,5.1
PECK,10.2,7.59
DTSS,2.98,2.78
FPAY,2.54,2.46
HLNE,90.45,97.18
IMXI,15.78,14.79
FRSX,4.64,5.3
RDFN,70.78,60.61
CIFS,2.74,2.22
REKR,23.45,26.49
TRMT,6.01,6.62
HX,1.59,1.0
KBLM,9.65,9.57
LYL,1.4,1.72
MRBK,26.4,27.2
BRPA,38.7,38.82
LX,9.09,9.68
NEBU,39.05,37.39
ILPT,24.8,24.3
VCTR,27.75,28.45
AHCO,29.06,27.45
GPAQ,4.1,4.16
MUDS,3.51,2.69
OPES,13.07,13.05
AIHS,1.23,1.28
DNJR,13.2,7.97
TMCX,10.78,10.77
TIBR,8.58,8.56
MOGO,9.29,9.0
EXPI,34.36,32.41
FOCS,47.06,45.45
LFAC,9.36,9.18
BROG,9.2,9.41
AFIN,10.01,10.14
FMCI,17.7,15.41
GTEC,8.22,5.7
TZAC,5.77,8.87
LOAC,12.71,13.05
TDAC,13.34,12.83
TKKS,3.95,4.01
ARYA,11.16,11.03
CTAC,14.41,14.64
DDMX,47.22,44.39
ALAC,11.14,10.13
QFIN,25.61,29.26
EDTX,1.71,1.22
AMCI,12.02,13.42
BWMC,11.52,11.14
FTAC,11.16,9.66
CFFA,13.19,13.27
MDRR,1.37,1.46
JFIN,6.54,9.08
PHCF,4.16,5.12
MDJH,4.29,3.47
MTC,1.85,2.65
GMHI,22.75,13.76
HHHH,8.53,7.76
MNCL,12.12,10.16
FUTU,148.78,127.99
DPHC,9.91,5.42
THCB,11.92,10.72
TIGR,21.36,20.79
HCAC,8.82,4.19
CRSA,10.08,9.95
JFK,6.24,4.65
PUYI,5.09,5.57
ANDA,10.15,9.83
ACAM,7.58,5.93
SPFI,22.84,23.93
ACTT,13.5,13.24
JFU,1.53,1.52
ALRS,28.75,30.72
OPRT,21.71,21.99
QK,1.99,1.7
PLPC,66.2,62.86
PTNR,4.32,4.54
SCKT,6.46,6.62
SCON,1.26,0.98
SEAC,1.12,1.0
SHEN,47.26,46.34
SWIR,15.15,15.48
TCCO,3.15,3.64
TESS,7.23,7.51
SPOK,10.27,10.02
VOXX,17.05,14.54
QTRH,2.08,1.9
WSTL,0.8,0.83
DZSI,15.02,14.14
ERIC,13.79,13.83
VOD,18.95,19.35
VEON,1.8,1.83
AAOI,7.41,6.96
VISL,2.77,2.69
SUNW,11.19,13.93
TIGO,39.22,39.86
RESN,3.27,3.01
CPSH,7.57,9.84
ATEX,47.32,46.3
XELB,1.75,1.85
AIRG,23.63,24.35
CASA,7.84,7.31
ZM,319.57,294.61
SONM,0.65,0.52
CMBM,60.0,64.06
PTSI,57.92,61.87
SAIA,234.5,251.7
SBLK,18.63,19.45
SHIP,1.1,1.13
SINO,4.74,3.9
SKYW,49.66,50.99
TOPS,1.68,1.61
TRMD,8.92,9.65
ULH,25.01,27.59
USAK,15.37,15.81
GOGL,8.7,9.1
WERN,46.23,47.55
WLFC,42.82,42.31
ATSG,26.32,25.72
ODFL,257.81,266.17
PATI,10.86,11.15
DSKE,7.59,7.72
PXS,0.88,1.15
EDRY,12.85,12.38
GRIN,8.3,8.64
MESA,11.26,10.91
CTRM,0.5,0.47
TSM,116.74,103.89
SIG,59.75,62.46
TGNA,20.06,20.35
YUMC,62.92,61.84
LTM,1.9,1.78
VLRS,16.27,13.99
QGEN,48.13,51.31
LPL,10.78,10.35
PSTG,20.22,17.58
TDY,447.75,450.94
BWXT,66.92,67.69
VEC,52.35,52.41
KL,37.06,35.45
BVN,9.72,9.31
AGI,8.0,7.49
BTG,4.8,4.28
MUX,1.2,1.08
AG,15.09,15.48
OR,12.08,12.09
LIN,285.84,291.55
TRP,49.47,50.02
ECA,23.93,24.87
BCE,47.25,47.31
VG,13.55,13.31
TU,20.75,20.37
USM,34.13,33.01
BP,25.16,26.89
PTR,36.03,35.9
TOT,44.28,46.54
EC,11.83,11.91
SU,21.42,21.88
GSK,37.34,37.2
AZN,53.07,51.6
NVO,73.95,71.31
VGR,13.05,12.99
UVV,56.23,57.31
BTI,37.51,39.13
TPB,48.82,48.17
TGI,16.92,16.74
DBI,17.7,18.8
AEO,34.57,34.9
BURL,326.33,330.22
TEN,10.07,9.0
LEA,183.84,188.35
DAN,25.3,26.23
ADNT,46.34,46.51
CABO,1790.0,1663.02
WSO,292.86,304.31
LII,335.34,356.88
LPX,65.88,70.62
GNRC,323.95,335.33
OC,96.81,101.0
CLGX,79.7,80.17
MAN,120.89,123.02
TTC,114.6,115.47
ALSN,41.47,41.76
AGCO,145.92,154.13
TRN,27.64,27.72
KBR,39.56,40.41
VMI,246.85,252.35
ACM,66.43,67.72
CCK,109.8,107.85
BERY,63.62,63.25
ENS,91.58,90.04
VSH,24.57,25.06
ARW,114.07,113.96
WCC,91.72,92.59
ST,57.74,55.16
WEX,205.21,207.78
THS,47.6,46.81
POST,113.78,115.85
HLF,45.77,45.86
DAR,69.45,68.84
BG,84.42,86.04
INGR,93.41,93.37
FLO,23.96,24.34
WWW,41.72,42.78
DECK,338.2,326.64
TPX,38.14,39.12
WSM,170.75,185.62
DKS,82.58,86.87
YELP,39.3,40.28
AAN,30.89,32.06
SCI,53.44,53.31
BFAM,144.83,131.62
SERV,50.89,48.17
NVR,5018.1,5383.85
TOL,62.7,65.13
VAC,177.63,184.57
ENR,49.3,48.32
CFX,45.19,45.69
IEX,224.2,212.13
MRC,9.42,9.32
KMT,40.16,41.11
TKR,83.87,86.04
WBT,22.34,22.2
XPO,139.12,136.45
CVA,15.04,15.55
DNOW,9.82,9.91
MIC,33.31,34.96
THO,141.59,149.1
PII,140.03,144.66
VSTO,32.61,31.41
GCI,4.54,4.63
MSGN,15.87,15.97
EPC,38.2,38.27
SIX,46.98,47.93
CNK,21.2,20.78
ARMK,38.87,39.14
HTZ,2.2,1.83
MTH,106.39,106.49
TNK,13.41,13.16
APY,20.98,21.86
TPH,23.82,23.96
RH,688.02,692.51
TR,31.57,29.27
LIVN,84.87,86.71
KN,20.9,21.4
ESINQ,0.0,0.01
WGO,79.95,82.26
UFI,27.03,28.11
GES,27.04,27.63
WWE,55.11,57.12
BKE,41.94,42.69
TTSH,7.15,7.6
CPS,29.04,26.06
IBP,134.65,136.73
BLD,222.38,221.62
BNED,7.91,8.37
TTI,2.51,2.7
TDW,12.26,12.47
ERA,26.46,25.5
EXTN,3.28,3.04
GHL,15.18,18.08
CPF,26.95,26.29
WD,110.85,112.71
UVE,13.95,13.62
CUBI,34.52,35.89
GWB,33.05,34.33
ENVA,34.24,34.85
RGEN,211.71,206.93
SRDX,53.49,58.85
VIVO,19.58,19.13
MDXG,9.7,11.07
INGN,65.39,62.03
LCI,4.37,4.42
HQY,75.97,75.31
CGIP,0.01,0.01
AIR,40.24,38.81
SPXC,60.66,60.29
AZZ,52.64,53.85
WTS,124.55,123.19
UNF,224.19,225.02
TREX,107.99,112.18
TNC,78.91,77.23
VVI,41.66,42.26
PRLB,112.06,101.91
VRTV,41.88,47.95
FLOW,66.59,68.02
SMCI,37.02,37.14
CBRI,0.0,-0.01
CTS,32.52,30.02
FN,85.62,88.32
TG,14.62,14.65
BCC,66.72,68.62
RYAM,9.09,9.38
TMST,12.02,12.67
TAL,56.95,50.46
SNP,49.19,49.86
ZTO,32.16,33.7
HUYA,17.62,16.81
TME,17.42,16.74
ABB,32.43,32.84
CRH,47.27,48.92
E,23.84,25.08
RIO,85.06,86.64
NOK,4.68,4.64
BHP,72.76,75.86
BUD,70.96,71.89
SAP,139.94,141.23
TEF,4.69,4.8
SAN,3.81,3.82
TS,21.38,22.01
WBK,19.3,19.96
PHG,56.64,56.49
ABEV,2.78,2.92
SSL,16.71,15.98
SNY,52.37,51.91
PKX,81.41,84.0
DB,14.0,13.47
MT,29.29,30.1
UL,58.72,59.84
YPF,3.78,3.24
TRI,92.71,92.83
TLK,22.06,22.0
ENB,38.57,38.6
MFC,21.85,22.61
RY,95.4,96.55
MBT,8.47,8.32
SA,16.94,16.11
SBGL,18.65,18.29
UHT,66.95,68.5
UBA,18.17,18.37
USNA,89.99,94.57
WSR,9.77,10.03
LMAT,52.47,50.83
CDR,15.85,17.37
WNC,17.61,18.93
FOE,16.66,16.52
NEO,48.99,44.09
TPRE,10.58,10.42
AHH,13.63,13.88
EVTC,39.9,40.43
RMAX,36.73,36.11
NBHC,39.9,39.05
MMI,35.32,35.08
PARR,15.19,14.87
CCS,73.94,73.91
BOOT,70.54,73.14
SHAK,108.75,110.06
DEA,21.43,20.87
IRT,16.84,17.22
REI,2.15,2.34
NSA,45.44,47.09
CHCT,50.92,50.04
GNL,19.2,19.98
LNTH,23.7,24.45
GMS,43.71,45.73
TCMD,57.3,57.82
IIPR,183.13,176.96
VREX,23.74,24.5
PUMP,9.63,10.22
GPMT,13.24,13.6
CEIX,8.78,9.05
ARLO,6.13,4.61
LTHM,18.02,14.46
GTX,5.51,5.97
ACA,60.29,61.8
KTB,62.83,64.35
GATX,97.71,99.32
MTDR,26.31,29.34
WH,73.11,74.22
GMED,71.77,72.27
VVV,31.4,31.43
JHG,34.39,36.63
CARS,13.21,13.19
JBGS,32.61,33.23
NVT,30.45,30.74
REZI,30.01,31.38
ETRN,8.16,8.05
